{
        "localizedName": "Gaurdian",
    	"description": "[green] a unit built for supporting it can command large amounts of units and has an unmatched mining speed it does not have an offensive weapon but can deploy a bomb that slows enemies",
        "speed": 1.8,
     	"isCounted": false,
        "mineSpeed": 20,
        "buildSpeed": 2.7,
        "mineTier": 7,
        "itemCapacity": 200,
        "accel": 0.03,
        "drag": 0.02,
        "flying": true,
        "health": 980,
        "hitSize": 13,
        "armor": 4,
        "engineOffset": 8.5,
        "commandLimit": 10,
        
        "targetAir": true,
        "ammoCapacity": 100,
        "ammoResupplyAmount": 5,
	    "weapons": [
	   {
  "name": "commander-weapon",
    "shootCone": 15,
    "mirror": false,
    "alternate": false,
    "x": 0,
    "y": -3,
    "reload": 70,
    "recoil": 0.5,
    "ignoreRotation": true,
    "shootSound": "sap",
    "bullet": {
    "damage": 0,
    "speed": 0.001,
    "type": "BombBulletType",
    "shrinkX": 0.7,
    "shrinkY": 0.7,
    "spin": 5,
    "collidesAir": false,
    "collidesTeam": true,
    "status": "slow",
    "statusDuration": 1800,
    "healPercent": 50,
    "despawnShake": 3,
    "maxRange": 40,
    "sprite": "large-bomb",
    "splashDamage": 1,
    "splashDamageRadius": 100,
    "keepVelocity": false,
    "shootEffect": "none",
    "hitEffect": "healWave",
    "despawnEffect": "greenBomb",
    "width": 28,
    "height": 28,
    "lifetime": 60,
    "frontColor": "FFFFFFFF",
    "mixColorTo": "FFFFFFFF",
    "backColor": "CEFF73FF"
       }
   }
     ],
    "abilities": [
        {
              "type": "mindustry.entities.abilities.RepairFieldAbility",
              "range": 80,
              "amount": 80,
              "reload": 80
            }
        ]
}
