{
        "localizedName": "Divinus",
    	"description": "[gold] A fast nimble unit that can fire homing shock orbs to defend its core",
        "speed": 2.3,
     	"isCounted": false,
        "mineSpeed": 6,
        "buildSpeed": 1.8,
        "mineTier": 4,
        "itemCapacity": 110,
        "accel": 0.03,
        "drag": 0.02,
        "flying": true,
        "health": 1280,
        "hitSize": 13,
        "armor": 6,
        "engineOffset": 8.5,
        "range": 140,
        "targetAir": true,
        "commandLimit": 18,
        "faceTarget": true,
	    "weapons": [
	   {
  "name": "divinus-weapon",
    "shootCone": 15,
    "mirror": false,
    "alternate": false,
    "x": 0,
    "y": 0,
    "reload": 88,
    "recoil": 0.5,
    "shootSound": "flame2",
    "bullet": {
    "sprite": "exogenesis-plasma",
    "shootEffect": "shootHealYellow",
    "hitEffect": "shootHealYellow",
    "trailEffect": "shootHealYellow",
    "despawnEffect": "shootHealYellow",
    "width": 20,
    "height": 20,
    "lightning": 4,
    "lightningDamage": 10,
    "lightningLength": 10,
    "lightningCone": 360,
    "lightningLengthRand": 8,
    "homingRange": 100,
    "homingPower": 0.0678,
    "homingDelay": 2.6,
    "type": "BasicBulletType",
    "shrinkX": 0.3,
    "shrinkY": 0.3,
    "damage": 20,
    "speed": 4,
    "frontColor": "F3E979FF",
    "backColor": "F3E979FF",
    "lifetime": 50
			}
		}
	]
}
