{
            "localizedName": "Decade",
            "description": "[purple] A unit created by the purtuxian it is equipped with a quantux energy shotgun that shoots out orbs that can home in on the enemy slightly the unit can also build and mine",
            "type": "mech",
            "research": "dagger",
            "flying": false,
            "speed": 0.55,
            "hitSize": 8,
            "health": 276,
            "buildSpeed": 0.8,
            "armor": 4,
            "commandLimit": 8,

            "weapons": [
                    {
                "name": "purp-smoll",
                "top": false,
                "shootY": 2,
                "shots": 3,
                "shootCone": 10,
                "inaccuracy": 7,
                "reload": 64,
                "x": 4.5,
                "alternate": true,
                "ejectEffect": "none",
                "recoil": 2,
                "shootSound": "sap",
                  "bullet": { 
                    "type": "basicBulletType",
                    "sprite": "exogenesis-plasma",
                    "damage": 49,
                    "weaveMag": 2,
                    "weaveScale": 2,
                    "speed": 5,
                    "width": 8,
                    "trailChance": 0.5,
                    "trailColor": "BF92F9FF",
                    "height": 8,
                    "lifetime": 37,
                    "homingRange": 46,
                    "homingDelay": 8,
                    "homingPower": 0.0678,
                    "shootEffect": "none",
                    "despawnEffect": "none",
                    "hitColor": "BF92F9FF",
                    "hitEffect": "none",
                    "backColor": "665C9FFF",
                    "frontColor": "BF92F9FF"
     }
  }
]
}
