{
            "localizedName": "Eon",
            "research": "millennia",
            "description": "[purple] The upgrade to the Millennia this unit is is equipped with powerful quantux blasters and sappers it also has a much more powerful laser blaster",
            "type": "legs",
            "speed": 0.43,
            "groundLayer": 75,
            "hitSize": 33,
            "rotateSpeed": 1,
            "health": 10700,
            "buildSpeed": 2.4,
            "mineTier": 5,
            "mineSpeed": 6.8,
            "armor": 23,
            "commandLimit": 9,
            "legCount": 6,
            "legMoveSpace": 1,
            "legPairOffset": 3,
            "legLength": 30,
            "legExtension": -15,
            "legBaseOffset": 10,
            "landShake": 1,
            "legLengthScl": 0.96,
            "rippleScale": 2,
            "legSpeed": 0.2,

            "legSplashDamage": 32,
            "legSplashRange": 30,
            
            "hovering": true,
            "allowLegStep": true,
            "visualElevation": 0.65,

            "weapons": [
                    {
                "name": "eon-blaster",
                "top": false,
                "shootY": 8,
                "shots": 6,
                "shootCone": 28,
                "inaccuracy": 10,
                "reload": 78,
                "x": 18,
                "y": 2,
                "alternate": true,
                "ejectEffect": "none",
                "recoil": 4,
                "shootSound": "shotgun",
                  "bullet": { 
                    "sprite": "exogenesis-plasma",
                    "damage": 118,
                    "weaveMag": 4,
                    "weaveScale": 2,
                    "speed": 5,
                    "width": 18,
                    "trailChance": 0.5,
                    "trailColor": "BF92F9FF",
                    "height": 18,
                    "lifetime": 57,
                    "homingRange": 66,
                    "homingDelay": 8,
                    "homingPower": 0.0678,
                    "shootEffect": "none",
                    "despawnEffect": "none",
                    "hitColor": "BF92F9FF",
                    "hitEffect": "none",
                    "backColor": "665C9FFF",
                    "frontColor": "BF92F9FF"
                  }
                  },
                  {
                    "name": "orb-blaster",
                    "shootCone": 15,
                     "mirror": true,
                     "alternate": true,
                     "shots": 3,
                     "inaccuracy": 5,
                     "x": 8,
                     "y": -3,
                     "reload": 45,
                     "recoil": 0.5,
                     "shootSound": "sap",
                     "bullet": {
                     "type": "SapBulletType",
                     "sapStrength": 0.8,
                     "length": 130,
                     "damage": 48,
                     "shootEffect": "sapped",
                     "hitColor": "BF92F9FF",
                     "color": "BF92F9FF",
                     "despawnEffect": "none",
                     "width":1,
                     "lifetime": 20,
                     "knockback": -0.65
                     }
                  },
                  {
                    "name": "eon-weapon",
                    "shootCone": 15,
                     "mirror": false,
                     "shootY": 10,
                     "x": 0,
                     "y": 0,
                     "reload": 485,
                     "recoil": 0.5,
                     "shootSound": "laser",
                     "bullet": {
                     "type": "laserBulletType",
                     "damage": 280,
                     "sideAngle": 90,
                     "sideWidth": 1,
                     "sideLength": 30,
                     "width": 20,
                     "colors": ["BF92F9FF", "665C9FFF", "000000FF"],
                     "length": 200,
                     "shootEffect": "sapped"

     }
  }
]
}
