{
            "localizedName": "Epoch",
            "description": "[purple] The T5 upgrade in the decade line this unit is long ranged Sentinel type titan it is equipped with two railguns this titan can create a long ranged focused beam of quantux energy that can cut through unprotected defenses and it can inflict quantux burn",
            "details": "The power of a dark energy technology at you finger tips",
            "research": "ravthian-reconstructor",
            "groundLayer": 75,
            "type": "legs",
            "speed": 0.27,
            "range": 700,
            "hitSize": 84,
            "rotateSpeed": 1.0,
            "health": 405800,
            "buildSpeed": 5,
            "armor": 38,
            "commandLimit": 9,
            "legCount": 6,
            "legGroupSize": 3,
            "legPairOffSet": 3,
            "legMoveSpace": 0.5,
            "legPairOffset": 3,
            "legLength": 45,
            "legExtension": -15,
            "legBaseOffset": 14,
            "legLengthScl": 0.96,
            "landShake": 2.5,
            "rippleScale": 4,
            "legSpeed": 1.3,

            "legSplashDamage": 142,
            "legSplashRange": 40,

            "hovering": true,
            "allowLegStep": true,
            "visualElevation": 0.95,

          "weapons": [
                    {
   "name": "orbital-EB",
    "top": true,
    "mirror": true,
    "alternate": true,
    "y": 27,
    "x": 16,
    "rotate": true,
    "rotateSpeed": 2.8,
    "shots": 1,
    "shootCone": 18,
    "shootY": 2,
    "reload": 60,
    "recoil": 2,
    "shake": 2,
    "ejectEffect": "casing2",
    "shootSound": "laser",
			"bullet": {
              "type": "LaserBulletType",
              "length": 300,
              "width": 12,
              "damage": 80,
              "knockback": -2,
              "hitColor": "D5B5FFFF",
              "shootEffect": "sapped",
              "status": "slow",
              "statusDuration": 100,
              "colors":["D5B5FFFF", "BF92F9FF", "000000FF"],
              "sideAngle": 25,
              "sideLength": 0,
              "sideWidth": 0
			 }
	      },
			{
   "name": "orbital-EB",
    "top": true,
    "mirror": true,
    "alternate": true,
    "y": 10,
    "x": 29,
    "rotate": true,
    "rotateSpeed": 2.8,
    "shots": 1,
    "shootCone": 18,
    "shootY": 2,
    "reload": 62,
    "recoil": 2,
    "shake": 2,
    "ejectEffect": "casing2",
      "shootSound": "laser",
			"bullet": {
              "type": "LaserBulletType",
              "length": 300,
              "width": 12,
              "damage": 80,
              "knockback": -2,
              "hitColor": "D5B5FFFF",
              "shootEffect": "sapped",
              "status": "slow",
              "statusDuration": 100,
              "colors":["D5B5FFFF", "BF92F9FF", "000000FF"],
              "sideAngle": 25,
              "sideLength": 0,
              "sideWidth": 0
			 }
	      },
			{
                    "name": "ballisticRG",
                    "shootCone": 15,
                     "mirror": true,
                     "alternate": false,
                     "shots": 1,
                     "inaccuracy": 0,
                     "x": 17,
                     "y": -16,
                     "reload": 35,
                     "recoil": 0.5,
                     "shootY": 8,
                     "rotateSpeed": 1.6,
                      "shootSound": "railgun",
                      "firstShotDelay": 19,
                      "bullet": {
			          "type" : "RailBulletType",
			          "damage": 570,
			          "length" : 900,
			          "ammoMultiplier": 3,
			          "pierce": true,
			          "pierceBuilding": true,
			          "pierceDamageFactor": 0.3,
			          "collidesAir": true,
			          "collidesGround": true,
			          "collidesTiles" : true,
			          "updateEffectSeg": 40,
			          "updateEffect": "railTrail",
			          "shootColor": "CEFF73FF",
			          "pierceEffect" : "railHit",
			          "hitEffect" : "massiveExplosion"
                     }
                  },
                  {
                    "name": "epoch-weapon",
                    "shootCone": 0,
                     "mirror": false,
                     "x": 0,
                     "y": 0,
                     "reload": 685,
                     "shootY": 6.5,
                     "shootStatus": "slow",
                     "statusDuration": 400,
                     "recoil": 0,
                     "shotDelay": 28,
                     "heatColor": "665C9FFF",
                     "shootSound": "pulse",
                     "cooldownTime": 34,
                     "continuous": true,
                     "bullet": {
                     "type": "ContinuousLaserBulletType",
                     "colors":["D5B5FFFF","BF92F9FF", "665C9FFF", "000000FF"],
                     "damage": 180,
                     "length": 700,
                     "width": 7,
                     "hitColor": "665C9FFF",
                     "oscScl":3,
                     "oscMag":2,
                     "drawSize": 700,
                     "lifetime": 400,
                     "shake": 1,
                     "despawnEffect": "smokeCloud",
                     "smokeEffect": "smokeCloud",
                     "status": {
                     "localizedName": "Dark energy heat",
                     "name": "dark-heat",
                     "damage": 7,
                     "effect": "sapped",
                     "speedMultiplier": 0.7
                     },
    "shootEffect": {
    "type": "multiEffect",
    "lifetime": 70,
    "effects": [
    {
    "type": "WaveEffect",
    "lifetime": 70,
    "rotation": 2.5,
    "sides": 0,
    "sizeFrom": 0,
    "sizeTo": 60,
    "strokeFrom": 4,
    "strokeTo": 0,
    "colorFrom": "000000FF",
    "colorTo": "665C9FFF"
    },
    {
  "type": "ParticleEffect",
        "particles": 65,
        "sizeFrom": 5,
        "sizeTo": 0,
        "lenFrom": 0,
        "lenTo": 5,
        "length": -60,
        "baseLength": 0,
        "lifetime": 70,
        "colorFrom": "000000FF",
        "colorTo": "665C9FFF",
        "cone": 360
    },
    {
    "type": "WaveEffect",
    "lifetime": 70,
    "rotation": 2.5,
    "sides": 0,
    "sizeFrom": 0,
    "sizeTo": 80,
    "strokeFrom": 4,
    "strokeTo": 0,
    "colorFrom": "000000FF",
    "colorTo": "665C9FFF"
          }
        ]
      }
    }
 }
     ],
    "abilities": [
        {
            "type": "mindustry.entities.abilities.StatusFieldAbility",
            "range" : 206,
            "reload" : 540,
            "duration" : 165,
            "effect": {
                "name": "quantux-charged",
                "speedMultiplier": 1.4,
                "reloadMultiplier": 1.8,
                "effect": "sapped"
            }
        }
    ]
}
