{
            "localizedName": "Era",
            "research": "eon",
            "description": "[purple] The upgrade to the eon it is equipped with small railgun similar to the omura it is also equipped with quantux blasters and two gunners to help it in combat it can also generate a small quantux energy sphere that slowly implode in to a pulse that damages and inflicts enemies with quantux burn",
            "type": "legs",
            "speed": 0.37,
            "groundLayer": 75,
            "hitSize": 43,
            "rotateSpeed": 1.5,
            "health": 20000,
            "buildSpeed": 3,
            "mineTier": 6,
            "mineSpeed": 7.6,
            "armor": 28,
            "commandLimit": 9,
            "legCount": 6,
            "legMoveSpace": 1,
            "legPairOffset": 3,
            "legLength": 45,
            "legExtension": -15,
            "legBaseOffset": 14,
            "landShake": 1.5,
            "legLengthScl": 0.96,
            "rippleScale": 3,
            "legSpeed": 0.4,

            "legSplashDamage": 42,
            "legSplashRange": 30,
            
            "hovering": true,
            "allowLegStep": true,
            "visualElevation": 0.75,

            "weapons": [
                    {
                "name": "eon-blaster",
                "top": false,
                "shootY": 8,
                "shots": 6,
                "shootCone": 28,
                "inaccuracy": 10,
                "reload": 78,
                "x": 20,
                "y": -3,
                "alternate": true,
                "ejectEffect": "none",
                "recoil": 4,
                "shootSound": "shotgun",
                  "bullet": { 
                    "sprite": "exogenesis-plasma",
                    "damage": 118,
                    "weaveMag": 4,
                    "weaveScale": 2,
                    "speed": 5,
                    "width": 18,
                    "trailChance": 0.5,
                    "trailColor": "BF92F9FF",
                    "height": 18,
                    "lifetime": 57,
                    "homingRange": 66,
                    "homingDelay": 8,
                    "homingPower": 0.0678,
                    "shootEffect": "none",
                    "despawnEffect": "none",
                    "hitEffect": "none",
                    "backColor": "BF92F9FF",
                    "frontColor": "BF92F9FF"
                  }
                  },
                  {
                    "name": "point-gun",
                    "shootCone": 15,
                     "mirror": false,
                     "alternate": false,
                     "shots": 1,
                     "inaccuracy": 0,
                     "x": 0,
                     "y": -11,
                     "reload": 45,
                     "recoil": 0.5,
                      "shootSound": "railgun",
                      "bullet": {
			          "type" : "RailBulletType",
			          "damage": 450,
			          "length" : 800,
			          "ammoMultiplier": 3,
			          "pierce": true,
			          "pierceBuilding": true,
			          "pierceDamageFactor": 0.4,
			          "collidesTiles" : false,
			          "updateEffectSeg": 40,
			          "updateEffect": "railTrail",
			          "shootEffect": "sapExplosion",
			          "pierceEffect" : "railHit",
			          "hitEffect" : "massiveExplosion"
                     }
                  },
                  {
                    "name": "sap-gunner",
                    "shootCone": 25,
                     "mirror": true,
                     "alternate": true,
                     "shots": 2,
                     "inaccuracy": 4,
                     "x": 13,
                     "y": -7,
                     "reload": 15,
                     "recoil": 1,
                     "shootSound": "shoot",
                     "bullet": {
                     "type": "flakBulletType",
                     "collidesGround": true,
                     "speed": 5,
                     "damage": 48,
                     "splashDamage": 42,
                     "splashDamageRadius": 25,
                     "backColor": "665C9FFF",
                     "frontColor": "BF92F9FF",
                     "shootEffect": "shootBig",
                     "despawnEffect": "shootBig",
                     "width":8,
                     "height": 11,
                     "lifetime": 48,
                     "knockback": 1
                     }
                  },
                  {
                    "name": "Era-weapon",
                    "shootCone": 0,
                     "mirror": false,
                     "x": 0,
                     "y": 0,
                     "reload": 985,
                     "shootY": 16.5,
                     "recoil": 0,
                     "shootSound": "pulse",
                     "continuous": true,
                     "bullet": {
                     "type": "basicBulletType",
                     "sprite": "exogenesis-plasma",
                     "pierce": true,
                     "pierceBuilding": true,
                     "lifetime": 480,
                     "shrinkY": 0.5,
                     "shrinkX": 0.5,
                     "spin": 8,
                     "damage": 270,
                     "backColor": "665C9FFF",
                     "frontColor": "BF92F9FF",
                     "width": 15,
                     "height": 15,
                     "shootEffect": "sapped",
                     "fragBullets": 360,
                     "fragCone": 360,
                     "fragVelocityMax": 4,
                     "fragVelocityMin": 4,
                     "fragBullet": {
            "sprite": "exogenesis-wavee",
            "collidesTiles": true,
            "speed": 4,
            "height": 67,
            "width": 8,
            "hitSize": 16,
            "pierce": true,
            "lifetime": 20,
            "absorbable": true,
            "knockback": 0,
            "ammoMultiplier": 4,
            "damage": 50,
            "backColor": "665C9FFF",
            "frontColor": "BF92F9FF",
            "hitEffect": "sapped",
            "despawnEffect": "sapped",
            "shootEffect": "none",
            "smokeEffect": "none",
            "incendChance": 0,
            "statusDuration": 600,
            "status": "sapped"
            }
    }
       }
     ]
    }
