{
            "localizedName": "Millennia",
            "research": "century",
            "description": "[purple] The upgrade to the century this unit is equipped with upgraded quantux blasters and it has a built in laser blaster",
            "type": "mech",
            "flying": false,
            "speed": 0.50,
            "hitSize": 11,
            "health": 2456,
            "mechFrontSway": 0.55,
            "buildSpeed": 1.9,
            "mineTier": 4,
            "mineSpeed": 6.1,
            "armor": 15,
            "commandLimit": 9,

            "weapons": [
                    {
                "name": "millennia-blaster",
                "top": false,
                "shootY": 2,
                "shots": 5,
                "shootCone": 18,
                "inaccuracy": 10,
                "reload": 78,
                "x": 6.4,
                "y": 0.0,
                "alternate": true,
                "ejectEffect": "none",
                "recoil": 2,
                "shootSound": "laser",
                  "bullet": { 
                     "type": "SapBulletType",
                     "sapStrength": 1,
                     "length": 120,
                     "damage": 78,
                     "shootEffect": "sapped",
                     "hitColor": "BF92F9FF",
                     "color": "BF92F9FF",
                     "despawnEffect": "none",
                     "width":0.6,
                     "lifetime": 20,
                     "knockback": -0.65
                  }
                  },
                  {
                    "name": "millennia-weapon",
                    "shootCone": 15,
                     "mirror": false,
                     "shootY": 6,
                     "x": 0,
                     "y": 0,
                     "reload": 185,
                     "recoil": 0.5,
                     "shootSound": "laser",
                     "shootStatus": "slow",
                     "shootStatusDuration": 50,
                     "shotDelay": 27,
                     "bullet": {
                     "type": "laserBulletType",
                     "damage": 100,
                     "sideAngle": 90,
                     "sideWidth": 1,
                     "sideLength": 20,
                     "width": 15,
                     "colors": ["BF92F9FF", "665C9FFF", "000000FF"],
                     "length": 180,
                     "shootEffect": "sapped"

     }
  }
]
}
