{
        "localizedName": "Meteor",
        "type": "flying",
        "controller": "repairAI",
        "canHeal": true,
	    "description": "[lime] the meteor is a small and fast support unit that that has a healing field and can shoot energy orbs",
        "research": "dagger",
        "lowAltitude": true,
        "speed": 2.4,
        "accel": 0.1,
        "drag": 0.02,
        "flying": true,
        "health": 180,
        "hitSize": 7,
        "armor": 0,
        "mineSpeed": 5,
        "buildSpeed": 0.5,
        "mineTier": 2,
        "itemCapacity": 15,
        "engineOffset": 6,
        "range": 100,
        "targetAir": true,
        "commandLimit": 8,
        "faceTarget": true,
	    "weapons": [
	   {
    "name": "meteor-weapon",
    "shootCone": 15,
    "mirror": false,
    "top": true,
    "x": 0,
    "y": 0,
    "shootY": 2,
    "reload": 38,
    "firstShotDelay": 20,
    "recoil": 0.5,
    "shootSound": "missile",
    "bullet": {
    "shootEffect": {
	    "type": "MultiEffect",
	    "lifetime": 20,
	    "effects": [
	   {     
    "type": "ParticleEffect",
    "particles": 1,
    "sizeFrom": 1,
    "sizeTo": 4,
    "length": 0,
    "lifetime": 20,
    "colorFrom": "84F491FF",
    "colorTo": "F2FFF3FF",
    "cone": 360
    },
    {
    "type": "ParticleEffect",
    "line": true,
    "particles": 15,
    "lifetime": 23,
    "length": 35,
    "baseLength": -35,
    "cone": -360,
    "lenFrom": 4,
    "lenTo": 0,
    "colorFrom": "84F491FF",
    "colorTo": "F2FFF3FF"
    }
    ]
    },
    "keepVelocity": false,
    "collidesTeam": true,
    "healPercent": 5,
    "type": "basicBulletType",
    "sprite": "exogenesis-plasma",
    "damage": 10,
    "width": 5,
    "height": 5,
    "speed": 3,
	"frontColor": "84F491FF",
    "backColor": "F2FFF3FF",
    "trailChance": 1,
    "trailEffect": {
    "type": "ParticleEffect",
    "particles": 1,
    "length": 0,
    "lifetime": 15,
    "sizeFrom": 5,
    "region": "exogenesis-plasma",
    "colorFrom": "84F491FF",
    "colorTo": "F2FFF3FF"
    },
    "lifetime": 55,
    "homingDelay": 5,
  	"homingPower": 0.00356,
	"homingRange": 80,
	"weaveScale": 5,			
	"weaveMag": 2,
	"splashDamageRadius": 10,
	"splashDamage": 10,
	"lightningColor": "84F491FF",
    "lightning": 3,
    "lightningDamage": 8,
    "lightningLength": 5,
    "lightningCone": 360,
    "lightningLengthRand": 8
    }

		}
     ],
    "abilities": [
        {
              "type": "mindustry.entities.abilities.RepairFieldAbility",
              "range": 20,
              "amount": 3,
              "reload": 30
        }
        ]
    
    
}