{
        "localizedName": "Debate",
        "description": "[gold] This unit is equipped with upgraded surge launchers and is much more durable then the dispute and its also equipped with small and low health shields",
        "research": "b-hypothesis",
        "speed": 2.0,
        "accel": 0.03,
        "drag": 0.012,
        "flying": true,
        "faceTarget": true,
        "health": 3480,
        "hitSize": 20,
        "armor": 6,
        "engineOffset": 12,
        "engineSize": 3,
        "lowAltitude": true,
        "range": 140,
        "targetAir": true,
        "commandLimit": 10,
	    "weapons": [
	   {
  "name": "surge-bolter",
    "shootCone": 15,
    "mirror": true,
    "alternate": true,
    "x": 5,
    "y": 1.8,
    "reload": 5,
    "recoil": 0.5,
    "shootSound": "sap",
    "bullet": {
    "buildingDamageMultiplier": -0.03,
    "type": "LaserBoltBulletType",    
    "despawnEffect": "shootHealYellow",
    "shootEffect": "shootHealYellow",
    "damage": 6,
    "speed": 6,
    "frontColor": "F3E979FF",
    "backColor": "F3E979FF",
    "lifetime": 35
    }
  },
  {
    "name": "surge-rocket",
    "shootCone": 15,
    "alternate": true,
    "mirror": true,
    "top": true,
    "x": 6,
    "y": -6.5,
    "reload": 18,
    "shootSound": "missile",
    "recoil": 0.5,
    "shots": 2, 
    "bullet": {
    "keepVelocity": false, 
    "type": "MissileBulletType",
    "buildingDamageMultiplier": -0.1,
    "shootEffect": "shootHealYellow",
    "damage": 35,
    "speed": 3,
	"frontColor": "F3E979FF",
    "backColor": "ECD36FFF",
    "trailColor": "ECD36FFF",
    "lifetime": 55,
  	"homingPower": 1,
	"homingRange": 100,
	"weaveScale": 5,			
	"weaveMag": 2,
	"splashDamageRadius": 20,
	"splashDamage": 10,			
    "lightning": 4,
    "lightningDamage": 18,
    "lightningLength": 5,
    "lightningCone": 360,
    "lightningLengthRand": 8
			}
		}
     ],
    "abilities": [
        {
            "type": "mindustry.entities.abilities.ForceFieldAbility",
            "radius": 40,
            "regen": 5,
            "max": 800,
            "cooldown": 260
            }
        ]
}
