{
        "localizedName": "Disagreement",
        "description": "[gold] A giant flying assault unit that has one big rocket launcher and 4 shock artillery cannons and it also has smalls low health shield and it's quite fast",
        "research": "c-revelation",
        "speed": 1.6,
        "accel": 0.02,
        "drag": 0.018,
        "flying": true,
        "faceTarget": true,
        "health": 13800,
        "hitSize": 56,
        "armor": 10,
        "engineOffset": 21,
        "engineSize": 5.8,
        "lowAltitude": true,
        "range": 140,
        "targetAir": true,
        "commandLimit": 10,
	    "weapons": [
	   {
  "name": "shock-artillery",
    "shootCone": 15,
    "mirror": true,
    "alternate": true,
    "x": 14,
    "y": 13,
    "reload": 60,
    "recoil": 4,
    "ejectEffect": "casing2",
    "shootSound": "artillery",
    "shake": 2,
    "bullet": {
    "buildingDamageMultiplier": -0.05,
    "type": "artilleryBulletType",
    "collides": true,
    "collidesTiles": true,
    "collidesAir": true,
    "splashDamageRadius": 24,
    "splashDamage": 45,
    "hitEffect": "instBomb",
    "shootEffect": "shootHealYellow",
    "damage": 10,
    "lightning": 5,
    "lightningDamage": 10,
    "lightningLength": 10,
    "lightningCone": 360,
    "lightningLengthRand": 8,
    "height": 14,
    "width": 14,
    "speed": 4,
    "frontColor": "F3E979FF",
    "backColor": "F3E979FF",
    "lifetime": 90
    }
  },
  {
  "name": "shock-artillery",
    "shootCone": 15,
    "mirror": true,
    "alternate": true,
    "x": 21,
    "y": 4,
    "reload": 60,
    "recoil": 4,
    "ejectEffect": "casing2",
    "shootSound": "artillery",
    "shake": 2,
    "bullet": {
    "buildingDamageMultiplier": -0.05,
    "type": "artilleryBulletType",
    "collides": true,
    "collidesTiles": true,
    "collidesAir": true,
    "damage": 10,
    "splashDamageRadius": 24,
    "splashDamage": 45,
    "hitEffect": "instBomb",
    "shootEffect": "shootHealYellow",
    "lightning": 5,
    "lightningDamage": 10,
    "lightningLength": 10,
    "lightningCone": 360,
    "lightningLengthRand": 8,
    "height": 14,
    "width": 14,
    "speed": 4,
    "frontColor": "F3E979FF",
    "backColor": "F3E979FF",
    "lifetime": 90
    }
  },
  {
    "name": "alpha-rocket",
    "shootCone": 25,
    "alternate": false,
    "mirror": false,
    "top": true,
    "x": 0,
    "y": -6.5,
    "reload": 48,
    "recoil": 0.5,
    "shots": 4,
    "shootY": 2,
    "spacing": 10,
    "inaccuracy": 7,
    "xRand": 8,
    "shotDelay": 1,
    "shootSound": "missile",
    "velocityRnd": 0.4,
    "bullet": {
    "keepVelocity": false,
    "buildingDamageMultiplier": -0.25,
    "type": "MissileBulletType",
    "shootEffect": "shootHealYellow",
    "damage": 45,
    "speed": 3,
	"frontColor": "F3E979FF",
    "backColor": "ECD36FFF",
    "trailColor": "ECD36FFF",
    "lifetime": 90,
  	"homingPower": 1,
	"homingRange": 100,
	"weaveScale": 5,			
	"weaveMag": 2,
    "height": 8,
    "width": 8,
	"splashDamageRadius": 30,
	"splashDamage": 30,			
    "lightning": 10,
    "lightningDamage": 14,
    "lightningLength": 10,
    "lightningCone": 360,
    "lightningLengthRand": 8
			}
		}
     ],
    "abilities": [
        {
            "type": "mindustry.entities.abilities.ForceFieldAbility",
            "radius": 50,
            "regen": 8,
            "max": 1600,
            "cooldown": 260
            }
        ]
}
