{
        "localizedName": "Contention",
        "description": "[gold] A warrior class titan unit that has a low health shield and it is equipped with a surge missile, peircing pulse guns and it has destructive main weapon that shoots a plasma sphere that has small chance of cutting a units health in half",
        "details": "And in a thunderous bang all gone",
        "research": "ravthian-reconstructor",
        "lightRadius": 200,
        "speed": 0.7,
        "accel": 0.02,
        "drag": 0.018,
        
        "faceTarget": true,
        "flying": true,
        "health": 484000,
        "hitSize": 80,
        "armor": 40,
        "engineOffset": 47,
        
        "engineSize": 7.8,
        "lowAltitude": true,
        "targetAir": true,
        "commandLimit": 10,
	    "weapons": [
	   {
  "name": "alpha-rocket",
    "shootCone": 25,
    "alternate": false,
    "mirror": false,
    "top": true,
    "x": 0,
    "y": -4,
    "reload": 48,
    "recoil": 0.5,
    "shots": 8,
    "shootY": 2,
    "spacing": 10,
    "inaccuracy": 7,
    "xRand": 8,
    "shotDelay": 1,
    "shootSound": "missile",
    "velocityRnd": 0.4,
    "bullet": {
   "keepVelocity": false,
    "buildingDamageMultiplier": -0.25,
    "type": "MissileBulletType",
    "shootEffect": "shootHealYellow",
    "damage": 45,
    "speed": 3,
	"frontColor": "F3E979FF",
    "backColor": "ECD36FFF",
    "trailColor": "ECD36FFF",
    "lifetime": 110,
  	"homingPower": 1,
	"homingRange": 100,
	"weaveScale": 5,			
	"weaveMag": 2,
    "height": 8,
    "width": 8,
	"splashDamageRadius": 30,
	"splashDamage": 30,			
    "lightning": 5,
    "lightningDamage": 14,
    "lightningLength": 10,
    "lightningCone": 360,
    "lightningLengthRand": 8
    }
  },
  {
    "name": "luminous",
    "mirror": true,
    "alternate": true,
    "x": 22,
    "y": -6,
    "shootY": 2,
    "rotateSpeed": 2,
    "reload": 45,
    "recoil": 4,
    "shots": 3,
    "shotDelay": 4,
    "shootSound": "laser",
    "rotate": true,
    "bullet": {
      "type": "basicBulletType",
      "damage": 160,
      "width": 32,
      "height": 46,
      "sprite": "testers-spear",
      "pierce": true,
      "status": "shocked",
      "reflectable": false,
      "absorbable": true,
      "statusDuration": 300,
      "speed": 4,
      "lifetime": 68,
      "frontColor": "F3E979FF",
      "backColor": "FFFFFF",
      "despawnEffect": "absorb",
      "shootEffect": "instBomb"
    }
  },
  {
"name": "g-transcendence-weapon",
  "x": 0,
  "y": 0,
  "mirror": false,
  "top": false,
  "shake": 4,
  "shootY": 37,
  "reload": 1200,
  "recoil": 6,
  "soundPitchMin": 0.95,
  "soundPitchMax": 2.05,
    "shootSound": "ascends",
    "bullet": {
    "type": "basicBulletType",
    "buildingDamageMultiplier": -0.03,
      "lifetime": 270,
      "damage": 2820,
      "width": 35,
      "height": 35,
      "lightRadius": 200,
      "spin": 15,
      "despawnEffect": "instBomb",
      "shootEffect": "shieldWave",
      "hitEffect": "instShoot",
      "trailEffect": "instBomb",
      "trailChance": 2,
      "speed": 6,
      "drag": 0.002,
      "lightning": 4,
      "lightningDamage": 140,
      "lightningLength": 14,
      "lightningCone": 360,
      "lightningLengthRand": 20,
      "splashDamage": 200,
      "splashDamageRadius": 200,
      "hitSound": "shockBoom",
      "frontColor": "F3E979FF",
      "backColor": "FFFFFF",
                "status": {
              "localizedName": "Divine Division",
              "description": "you have been weakened",
              "name": "division",
              "effect": "absorb",
              "permanent": true,
              "color": "F3E979FF",
              "effectChance": 1,
              "healthMultiplier": 0.5
    },
      "hittable": false,
      "reflectable": false,
      "absorbable": true,
      "sprite": "testers-plasma",
      "homingPower": 0.0925,
      "homingRange": 180,
      "homingDelay": 55,
            "fragBullets": 10,
			"fragBullet": {
                "type": "laserBulletType",
                "damage": 760,
                "sideAngle": 20,
                "sideWidth": 1.5,
                "sideLength": 80,
                "width": 10,
                "colors":["ECD36FFF", "F3E979FF", "FFFFFF"],
                "length": 180
                     }
			      }
  }
    ],
    "abilities": [
        {
            "type": "mindustry.entities.abilities.ForceFieldAbility",
            "radius": 70,
            "regen": 8,
            "max": 2700,
            "cooldown": 280
            }
        ]
     }
