{
    "localizedName": "Orion",
    "description": "[blue]A small and fast unit created by the genesux corporation it uses energy in its fuel cells to power a lancer like laser that pierces energy it doesn't do well against plastanium walls",
    "research": "dagger",
    "groundLayer": 75,
    "commandLimit": 5,
    "type": "legs",
	"speed": 0.52,
	"hitSize": 10,
	"health": 360,
	"faceTarget": true,
	"armor": 5,
	"drag": 0.4,
	"range": 180,
	"flying": false,
	"targetAir": false,
	"rotateSpeed": 3,
    "legTrns": 0.6,
	"legCount": 4,
	"legMoveSpace": 1.4,
	"legLength": 9,
	"visualElevation": 0.65,
	"allowLegStep": true,
	"hovering": true,
	"immunities": [
		"burning", 
		"melting",
		"freezing"
	],
	"weapons": [
		{
    "name": "laserbolt",
    "reload": 65,
    "mirror": false,
    "x": 0,
    "y": -1,
    "shootY": 3,
    "recoil": 1.5,
    "shake": 1,
    "rotate": false,
    "shootSound": "laser",
    "shootCone": 45,
			"bullet": {
              "type": "LaserBulletType",
              "length": 180,
              "width": 10,
              "damage": 130,
              "hitColor": "79F2EEFF",
              "shootEffect": "lightningShoot",
              "hitEffect": "lightningShoot",
              "colors":["74C2E8FF", "79F2EEFF", "FFFFFF"],
              "sideAngle": 25,
              "sideLength": 32,
              "sideWidth": 1
			}
		}
	]
}
