{
    "localizedName": "Galileo",
    "description": "[blue]The upgrade to the orion that is a slower and has 2 laser bolt guns for some extra power",
    "type": "legs",
    "groundLayer": 75,
    "research": "a-orion",
	"speed": 0.5,
	"hitSize": 12,
	"health": 890,
	"armor": 7,
	"drag": 0.4,
	"faceTarget": true,
	"range": 180,
	"flying": false,
	"targetAir": true,
	"rotateSpeed": 3,
    "legTrns": 0.6,
	"legCount": 4,
	"legMoveSpace": 1.2,
	"legLength": 14,
	"visualElevation": 0.67,
	"allowLegStep": true,
	"hovering": true,
	"immunities": [
		"burning", 
		"melting",
		"freezing"
	],
	"weapons": [
	    {
    "name": "bolter",
    "shootCone": 15,
    "mirror": true,
    "x": 6,
    "y": 1.5,
    "reload": 10,
    "recoil": 0.5,
    "shootSound": "sap",
    "bullet": {
    "type": "LaserBoltBulletType",
    "shootEffect": "lightningShoot",
    "damage": 38,
    "speed": 6,
    "frontColor": "79F2EEFF",
    "backColor": "74C2E8FF",
    "lifetime": 35
    }
  },
  {
    "name": "laserbolt",
    "reload": 65,
    "mirror": false,
    "x": 0,
    "y": -2.3,
    "shootY": 3,
    "recoil": 1.5,
    "shake": 1,
    "rotate": true,
    "shootSound": "laser",
    "rotateSpeed": 10,
    "shootCone": 45,
			"bullet": {
              "type": "LaserBulletType",
              "length": 180,
              "width": 10,
              "damage": 130,
              "hitColor": "79F2EEFF",
              "shootEffect": "lightningShoot",
              "hitEffect": "lightningShoot",
              "colors":["74C2E8FF", "79F2EEFF", "FFFFFF"],
              "sideAngle": 25,
              "sideLength": 32,
              "sideWidth": 1
			}
		}
	]
}
