{
    "localizedName": "Kuiper",
    "description": "[blue] The kuiper unit is equipped with two lancer lasers and one lighting gun amount at the center back which it uses its fuel cells to power its also much more durable than the galileo",
    "type": "legs",
    "groundLayer": 75,
    "research": "b-galileo",
	"speed": 0.34,
	"hitSize": 21,
	"health": 2600,
	"armor": 9,
	"faceTarget": true,
	"drag": 0.2,
	"range": 180,
	"flying": false,
	"targetAir": true,
	"rotateSpeed": 2.5,
	"legCount": 4,
    "legMoveSpace": 1,
    "legLength": 15,
    "legExtension": -10,
    "legBaseOffset": 9,
    "legTrns": 0.9,
    "landShake": 0.8,
    "legSpeed": 0.2,
    "legLengthScl": 0.96,
    "rippleScale": 2,
    "legSplashDamage": 22,
    "legSplashRange": 30,
	"visualElevation": 0.78,
	"allowLegStep": true,
	"hovering": true,
	"immunities": [
		"burning", 
		"melting",
		"freezing"
	],
	"weapons": [
	    {
    "name": "laserbolt",
    "reload": 55,
    "mirror": true,
    "x": -7,
    "y": -2,
    "shootY": 3,
    "recoil": 1.5,
    "shake": 1,
    "rotate": true,
    "shootSound": "laser",
    "rotateSpeed": 10,
    "shootCone": 45,
			"bullet": {
              "type": "LaserBulletType",
              "length": 180,
              "width": 10,
              "damage": 130,
              "hitColor": "79F2EEFF",
              "shootEffect": "lightningShoot",
              "hitEffect": "lightningShoot",
              "colors":["74C2E8FF", "79F2EEFF", "FFFFFF"],
              "sideAngle": 25,
              "sideLength": 32,
              "sideWidth": 1
	 }
	},
  {
    "name": "zaper",
    "reload": 38,
    "mirror": false,
    "x": 0,
    "y": -6,
    "shootY": 4,
    "recoil": 1.5,
    "shake": 1,
    "rotate": false,
    "shots": 1,
    "shootSound": "spark",
    "shootCone": 45,
	"bullet": {
    "sprite": "exogenesis-plasma",
    "shootEffect": "lightningShoot",
	"despawnEffect": {
    "type": "WaveEffect",
    "lifetime": 35,
    "sizeFrom": 0,
    "sizeTo": 45,
    "strokeFrom": 4,
    "strokeTo": 0,
    "colorFrom": "FFFFFF",
    "colorTo": "79F2EEFF"
	        },
	"hitEffect": {
    "type": "WaveEffect",
    "lifetime": 35,
    "sizeFrom": 0,
    "sizeTo": 45,
    "strokeFrom": 4,
    "strokeTo": 0,
    "colorFrom": "FFFFFF",
    "colorTo": "79F2EEFF"
	},
    "trailEffect": "none",
    "width": 13,
    "height": 13,
    "lightning": 5,
    "lightningColor": "79F2EEFF",
    "lightningDamage": 28,
    "lightningLength": 10,
    "lightningCone": 360,
    "lightningLengthRand": 1,
    "type": "BasicBulletType",
    "shrinkX": 0.3,
    "shrinkY": 0.3,
    "damage": 88,
    "speed": 4,
    "frontColor": "FFFFFF",
    "backColor": "79F2EEFF",
    "lifetime": 50
			}
		}
	]
}
