{
    "localizedName": "Oort",
    "description": "[blue] The oort is a walking meltdown with it having a built in weapon just like the vela but although they both share some similar the oort has two extra lancer laser guns and a shield firing its main weapon creates extreme heat and makes its fuel cells glow brightly",
    "research": "b-kuiper",
    "groundLayer": 75,
    "type": "legs",
	"speed": 0.37,
	"hitSize": 26,
	"health": 12000,
	"faceTarget": true,
	"armor": 12,
	"drag": 0.2,
	"range": 180,
	"flying": false,
	"targetAir": true,
	"rotateSpeed": 1.5,
	"legCount": 4,
    "legMoveSpace": 1.5,
    "legLength": 14,
    "legBaseOffset": 12,
    "legTrns": 0.58,
    "landShake": 0.8,
    "legSpeed": 0.2,
    "rippleScale": 2.5,
    "legSplashDamage": 36,
    "legSplashRange": 30,
	"visualElevation": 0.75,
	"allowLegStep": true,
	"hovering": true,
	"immunities": [
		"burning", 
		"melting",
		"freezing"
	],
	"weapons": [
 {
    "name": "zaper",
    "reload": 38,
    "alternate": true,
    "mirror": true,
    "x": -7,
    "y": -2,
    "shootY": 4,
    "recoil": 1.5,
    "shake": 1,
    "rotateSpeed": 2,
    "rotate": true,
    "shots": 1,
    "shootSound": "spark",
    "shootCone": 45,
	"bullet": {
    "sprite": "exogenesis-plasma",
    "shootEffect": "lightningShoot",
	"despawnEffect": {
    "type": "WaveEffect",
    "lifetime": 35,
    "sizeFrom": 0,
    "sizeTo": 45,
    "strokeFrom": 4,
    "strokeTo": 0,
    "colorFrom": "FFFFFF",
    "colorTo": "79F2EEFF"
	        },
	"hitEffect": {
    "type": "WaveEffect",
    "lifetime": 35,
    "sizeFrom": 0,
    "sizeTo": 45,
    "strokeFrom": 4,
    "strokeTo": 0,
    "colorFrom": "FFFFFF",
    "colorTo": "79F2EEFF"
	},
    "trailEffect": "none",
    "width": 13,
    "height": 13,
    "lightning": 5,
    "lightningColor": "79F2EEFF",
    "lightningDamage": 28,
    "lightningLength": 10,
    "lightningCone": 360,
    "lightningLengthRand": 1,
    "type": "BasicBulletType",
    "shrinkX": 0.3,
    "shrinkY": 0.3,
    "damage": 88,
    "speed": 4,
    "frontColor": "FFFFFF",
    "backColor": "79F2EEFF",
    "lifetime": 50
	 }
	},
  {
 "name": "b-oort-weapon",
  "x": 0,
  "y": 0,
  "mirror": false,
  "top": false,
  "shake": 0.5,
  "shootY": 13,
  "reload": 260,
  "recoil": 0,
  "chargeSound": "lasercharge2",
  "shootSound": "beam",
  "continuous": true,
  "cooldownTime": 210,
  "firstShotDelay": 39,
  "bullet": {
    "type": "ContinuousLaserBulletType",
    "damage": 139,
    "length": 180,
    "width": 4,
    "drawSize": 180,
    "lifetime": 180,
    "shake": 2,
    "despawnEffect": "smokeCloud",
    "smokeEffect": "none",
    "incendChance": 0.15,
    "incendSpread": 5,
    "incendAmount": 1,
    "colors":["74C2E8FF", "79F2EEFF", "FFFFFF"],
    "hitEffect": {
    "type": "ParticleEffect",
    "line": true,
    "particles": 5,
    "lifetime": 30,
    "length": 35,
    "cone": -360,
    "lenFrom": 10,
    "lenTo": 0,
    "colorFrom": "FFFFFF",
    "colorTo": "79F2EEFF"
      },
    "shootEffect": {
    "type": "multiEffect",
    "effects": [
    {
    "type": "WaveEffect",
    "lifetime": 42,
    "rotation": 2.5,
    "sides": 0,
    "sizeFrom": 40,
    "sizeTo": 0,
    "strokeFrom": 4,
    "strokeTo": 0,
    "colorFrom": "79F2EEFF",
    "colorTo": "FFFFFF"
    },
    {
  "type": "ParticleEffect",
        "particles": 35,
        "sizeFrom": 5,
        "sizeTo": 0,
        "length": 50,
        "baseLength": -50,
        "lifetime": 25,
        "colorFrom": "79F2EEFF",
        "colorTo": "FFFFFF",
        "cone": 360
    },
    {
    "type": "WaveEffect",
    "lifetime": 25,
    "rotation": 2.5,
    "sides": 0,
    "sizeFrom": 20,
    "sizeTo": 0,
    "strokeFrom": 4,
    "strokeTo": 0,
    "colorFrom": "79F2EEFF",
    "colorTo": "FFFFFF"
          }
        ]
      }
    }
  }
     ],
    "abilities": [
        {
            "type": "mindustry.entities.abilities.ForceFieldAbility",
            "radius": 60,
            "regen": 5,
            "max": 2500,
            "cooldown": 220
            }
    ]
}
