{
    "localizedName": "Rigel",
    "description": "The catapult class of the titans this unit can hurl 3 plasma balls at enemies that can peirce and do tones of damage and on impact the plasmas realse lightning this unit also has 4 laser weapons for more close ranged damage it also has a massive shield to protect it",
    "research": "ravthian-reconstructor",
    "details": "Show them what the power of a far away star can do",
    "groundLayer": 75,
    "singleTarget": true,
	"lightRadius": 200,
    "type": "legs",
	"speed": 0.30,
	"hitSize": 52,
	"health": 557000,
	"armor": 34,
	"drag": 0.2,
	"range": 380,
	"flying": false,
	"targetAir": true,
	"rotateSpeed": 1.5,
	"legCount": 6,
    "legMoveSpace": 0.6,
    "legLength": 27.8,
    "legBaseOffset": 14,
    "legTrns": 0.56,
    "landShake": 2.4,
    "legSpeed": 0.3,
    "rippleScale": 3,
    "legSplashDamage": 86,
    "legSplashRange": 30,
	"visualElevation": 0.75,
	"allowLegStep": true,
	"hovering": true,
	"immunities": [
		"burning", 
		"melting",
		"freezing"
	],
	"weapons": [
	 {
 "name": "blue-EB",
    "reload": 30,
    "mirror": true,
    "x": 12,
    "y": 6,
    "shootY": 9,
    "recoil": 1.5,
    "shake": 1,
    "rotate": true,
    "shootSound": "laser",
    "rotateSpeed": 1.3,
    "shootCone": 45,
			"bullet": {
              "type": "LaserBulletType",
              "length": 240,
              "width": 12,
              "damage": 180,
              "status": "shocked",
              "statusDuration": 100,
              "hitColor": "79F2EEFF",
              "shootEffect": "lightningShoot",
              "hitEffect": "lightningShoot",
              "colors":["74C2E8FF", "79F2EEFF", "FFFFFF"],
              "sideAngle": 25,
              "sideLength": 32,
              "sideWidth": 1
	       }
	    },
{
    "name": "blue-EB",
    "reload": 30,
    "mirror": true,
    "x": 27,
    "y": -6,
    "shootY": 9,
    "recoil": 1.5,
    "shake": 1,
    "rotate": true,
    "shootSound": "laser",
    "rotateSpeed": 1.3,
    "shootCone": 45,
			"bullet": {
              "type": "LaserBulletType",
              "length": 240,
              "width": 12,
              "damage": 180,
              "status": "shocked",
              "statusDuration": 100,
              "hitColor": "79F2EEFF",
              "shootEffect": "lightningShoot",
              "hitEffect": "lightningShoot",
              "colors":["74C2E8FF", "79F2EEFF", "FFFFFF"],
              "sideAngle": 25,
              "sideLength": 32,
              "sideWidth": 1
	       }
	    },
{
 "name": "b-rigel-weapon",
  "x": 0,
  "y": 2,
  "shootY": 5,
  "ejectEffect": "none",
  "shotDelay": 5,
  "mirror": false,
  "shots": 3,
  "reload": 285,
  "recoil": 1,
  "shake": 2,
  "shootCone": 20,
  "shootSound": "plasmaboom",
           "bullet": { 
             "type": "basicBulletType",
             "sprite": "exogenesis-plasma",
             "hitEffect": "bigShockwave",
             "hitColor": "79F2EEFF",
             "despawnEffect": "bigShockwave",
             "lightning": 6,
             "lightningDamage": 50,
             "lightningLength": 10,
             "lightningColor": "79F2EEFF",
             "lightColor": "D7FFFEFF",
             "absorbable": false,
             "pierce": true,
             "pierceBuilding": true,
             "pierceCap": 5,
             "lifetime": 180,
             "damage": 930,
             "drag": -0.001,
             "status": "slow",
             "shrinkX": 0,
             "shrinkY": 0,
             "statusDuration": 100,
             "homingRange": 100,
             "homingDelay": 80,
             "homingPower": 0.0545,
             "speed": 4.5,
             "width": 18,
             "height": 18,
             "backColor": "79F2EEFF",
             "frontColor": "FFFFFF",
    "shootEffect": {
    "type": "multiEffect",
    "lifetime": 35,
    "effects": [
    {
    "type": "WaveEffect",
    "lifetime": 35,
    "rotation": 2.5,
    "sides": 0,
    "sizeFrom": 0,
    "sizeTo": 60,
    "strokeFrom": 4,
    "strokeTo": 0,
    "colorFrom": "79F2EEFF",
    "colorTo": "FFFFFF"
    },
    {
  "type": "ParticleEffect",
        "particles": 65,
        "sizeFrom": 5,
        "sizeTo": 0,
        "length": 60,
        "lifetime": 35,
        "colorFrom": "79F2EEFF",
        "colorTo": "FFFFFF",
        "cone": 30
    },
    {
    "type": "WaveEffect",
    "lifetime": 35,
    "rotation": 2.5,
    "sides": 0,
    "sizeFrom": 0,
    "sizeTo": 80,
    "strokeFrom": 4,
    "strokeTo": 0,
    "colorFrom": "79F2EEFF",
    "colorTo": "FFFFFF"
          }
        ]
      }
    }
  }
     ],
    "abilities": [
        {
            "type": "mindustry.entities.abilities.ForceFieldAbility",
            "radius": 100,
            "regen": 8,
            "max": 10000,
            "cooldown": 360
            }
        ]
}
