{
    "localizedName": "Sirius",
    "description": "[blue]The Sirius is the tier 5 upgrade to the orion line is posses a much more powerful and longer laser beam and it has two lancer laser and two laser bolt guns and a larger shield",
    "research": "b-oort",
    "groundLayer": 75,
    "maxRange": 220,
    "type": "legs",
	"speed": 0.35,
	"hitSize": 29,
	"health": 18000,
	"armor": 20,
	"drag": 0.2,
	"range": 220,
	"flying": false,
	"targetAir": true,
	"rotateSpeed": 1.5,
	"legCount": 4,
    "legMoveSpace": 1.3,
    "legLength": 16,
    "legBaseOffset": 11,
    "legTrns": 0.62,
    "landShake": 2.0,
    "legSpeed": 0.2,
    "rippleScale": 2.8,
    "legSplashDamage": 56,
    "legSplashRange": 30,
	"visualElevation": 0.75,
	"allowLegStep": true,
	"hovering": true,
	"immunities": [
		"burning", 
		"melting",
		"freezing"
	],
	"weapons": [
	 {
    "name": "bolter",
    "shootCone": 15,
    "mirror": true,
    "x": 12.5,
    "y": -2,
    "reload": 10,
    "shootSound": "sap",
    "recoil": 0.5,
    "bullet": {
    "type": "LaserBoltBulletType",
    "shootEffect": "lightningShoot",
    "damage": 38,
    "speed": 6,
    "frontColor": "79F2EEFF",
    "backColor": "74C2E8FF",
    "lifetime": 45
    }
	},
  {
    "name": "laserbolt",
    "reload": 50,
    "mirror": true,
    "x": 7,
    "y": -2,
    "shootY": 3,
    "recoil": 1.5,
    "shake": 1,
    "rotate": true,
    "shootSound": "laser",
    "rotateSpeed": 10,
    "shootCone": 45,
			"bullet": {
              "type": "LaserBulletType",
              "length": 180,
              "width": 10,
              "damage": 130,
              "hitColor": "79F2EEFF",
              "shootEffect": "lightningShoot",
              "hitEffect": "lightningShoot",
              "colors":["74C2E8FF", "79F2EEFF", "FFFFFF"],
              "sideAngle": 25,
              "sideLength": 32,
              "sideWidth": 1
	       }
	    },
{
 "name": "b-sirius-weapon",
  "x": 0,
  "y": 0,
  "shootY": 5,
  "ejectEffect": "none",
  "mirror": false,
  "shots": 1,
  "reload": 185,
  "shootStatus": "slow",
  "shootStatusDuration": 210,
  "recoil": 1,
  "shake": 2,
  "shootCone": 20,
  "shootSound": "beam",
  "chargeSound": "lasercharge2",
  "continuous": true,
  "firstShotDelay": 56,
    "bullet": { 
    "type": "ContinuousLaserBulletType",
    "damage": 249,
    "width": 4,
    "length": 230,
    "drawSize": 230,
    "lifetime": 210,
    "shake": 2,
    "despawnEffect": "smokeCloud",
    "smokeEffect": "none",
    "incendChance": 0.15,
    "incendSpread": 5,
    "incendAmount": 1,
    "colors":["74C2E8FF", "79F2EEFF", "FFFFFF"],
    "hitEffect": {
    "type": "ParticleEffect",
    "line": true,
    "particles": 5,
    "lifetime": 30,
    "length": 35,
    "cone": -360,
    "lenFrom": 10,
    "lenTo": 0,
    "colorFrom": "FFFFFF",
    "colorTo": "79F2EEFF"
      },
    "shootEffect": {
    "type": "multiEffect",
    "lifetime": 50,
    "effects": [
    {
    "type": "WaveEffect",
    "lifetime": 50,
    "rotation": 2.5,
    "sides": 0,
    "sizeFrom": 60,
    "sizeTo": 0,
    "strokeFrom": 4,
    "strokeTo": 0,
    "colorFrom": "79F2EEFF",
    "colorTo": "FFFFFF"
    },
    {
    "type": "ParticleEffect",
    "particles": 1,
    "sizeFrom": 0,
    "sizeTo": 10,
    "length": 0,
    "lifetime": 56,
    "colorFrom": "FFFFFF",
    "colorTo": "79F2EEFF",
    "cone": 360
          }
        ]
      }
    }
  }
     ],
    "abilities": [
        {
            "type": "mindustry.entities.abilities.ForceFieldAbility",
            "radius": 90,
            "regen": 16,
            "max": 6800,
            "cooldown": 160
            }
        ]
}
