{
"name": "Core",
"research": "radiative",
"description": "[red] The tier 5 of the solar units its is equipped with powerful fusion shotguns and powerful incendiary rocks and a oil sprayer set your enemies ablaze",
"type": "mech",
"armor": 23,
"rotateSpeed": 2.0,
"canDrown": false,
"hitSize": 32,
"mechFrontSway": 1.6,
"mechSideSway": 0.6,
"commandLimit": 5,
"mechStepParticles": true,
"mechStepShake": 0.75,
"singleTarget": true,
"speed": 0.28,
"health": 26400,
"range": 200,
"immunities": [
		"burning",
		"melting"
		],
"weapons": [
  {
  "name": "core-shotgun",
  "x": 19,
  "y": 1,
  "reload": 38,
  "alternate": true,
  "top": false,
  "recoil": 5,
  "spacing": 14,
  "shake": 2,
  "shootSound": "shotgun",
  "ejectEffect": "casing1",
  "heatColor": "FF5845FF",
  "cooldownTime": 40,
  "bullet": {
            "speed": 0.01,
            "damage": 365,
            "width": 25,
            "pierce": "true",
            "type": "ShrapnelBulletType",
            "statusDuration": 90,
            "status": "melting",
            "lifetime": 18,
            "length": 210,
            "serrations": 7,
            "fromColor": "FF5845FF",
            "toColor": "CD4238FF",
            "shootEffect": "hitMeltdown",
            "hitEffect": "blastExplosion",
            "incendChance": 140,
            "incendSpread": 18,
            "incendAmount": 4,
            "lightning": 4,
            "lightningColor": "FF5845FF",
            "lightningDamage": 20,
            "lightningLength": 13,
            "lightningCone": 20,
            "lightningLengthRand": 13
              }
         },
    {
	"name": "oil-sprayer",
    "mirror": false,
    "x": 0,
    "y": -5.5,
    "shootY": 6,
    "recoil": 0,
    "reload": 6,
    "rotate": true,
    "inaccuracy": 7,
    "shots": 3,
    "soundPitchMin": 1.2,
    "soundPitchMax": 1.4,
    "shootSound": "flame2",
    "bullet":{
      "type": "LiquidBulletType",
      "liquid": "oil",
      "speed": 4,
      "damage": 1,
      "lifetime": 160
    }
    },
    {
   "name": "scourge-shock",
  "x": 9.5,
  "y": -5,
  "reload": 28,
  "alternate": true,
  "top": true,
  "shootCone": 20,
  "shots": 3,
  "shootSound": "lasershoot",
  "ejectEffect": "casing1",
  "bullet": {
		"type" : "basicBulletType",
		"sprite" : "exogenesis-pulse",
		"status": "corroded",
		"damage": 95,
		"height" : 18,
		"width" : 18,
		"hitSize": 10,
		"speed": 5,
		"lifetime" : 45,
		"pierceCap": 7,
		"hitEffect" : "blastExplosion",
		"despawnEffect": "blastExplosion",
		"shootEffect": "hitMeltdown",
		"pierce": true,
		"trailColor": "FF5845FF",
        "backColor": "FF5845FF",
        "frontColor": "CD4238FF",
        "incendChance": 140,
        "incendSpread": 18,
        "incendAmount": 3
    }
            }
    ]
}
