{
"name": "Corona",
"research": "sol",
"description": "[red]A durable unit that posses pulse guns that are capable of piercing through both enemies and buildings and its projectile also sets things on fire",
"type": "mech",
"armor": 9,
"commandLimit": 6,
"speed": 0.4,
"flying": false,
"health": 1290,
"range": 120,
"immunities": [
		"burning"
		],
"weapons": [
  {
  "name": "pulse-gun",
  "x": 4,
  "y": 0,
  "reload": 28,
  "alternate": true,
  "top": false,
  "shots": 3,
  "shootSound": "lasershoot",
  "ejectEffect": "casing1",
  "bullet": {
		"type" : "basicBulletType",
		"sprite" : "exogenesis-pulse",
		"status": "corroded",
		"damage": 30,
		"height" : 12,
		"width" : 12,
		"hitSize": 5,
		"speed": 5,
		"lifetime" : 45,
		"pierceBuilding": true,
		"pierceCap": 4,
		"hitEffect" : "blastExplosion",
		"despawnEffect": "blastExplosion",
		"shootEffect": "hitMeltHeal",
		"pierce": true,
		"trailColor": "FF5845FF",
        "backColor": "FF5845FF",
        "frontColor": "CD4238FF",
        "incendChance": 140,
        "incendSpread": 18,
        "incendAmount": 3
     }
  }
]
}
 
