{
"name": "Photosphere",
"research": "corona",
"description": "[red]A unit equipped with two powerful fusion shotgun and incendiary rockets and high health and armor this unit is capable of ripping through defenses if not dealt with",
"type": "mech",
"armor": 14,
"hitSize": 13,
"mechFrontSway": 0.55,
"commandLimit": 6,
"speed": 0.36,
"flying": false,
"health": 5700,
"range": 120,
"immunities": [
		"burning"
		],
"weapons": [
  {
  "name": "sunspot-gun",
  "x": 9,
  "y": 1,
  "reload": 28,
  "alternate": true,
  "top": false,
  "recoil": 4,
  "shots": 1,
  "shootSound": "shotgun",
  "ejectEffect": "casing1",
  "bullet": {
            "speed": 0.01,
            "damage": 95,
            "width": 12,
            "pierce": "true",
            "type": "ShrapnelBulletType",
            "statusDuration": 60,
            "status": "melting",
            "lifetime": 18,
            "length": 120,
            "serrations": 4,
            "fromColor": "FF5845FF",
            "toColor": "CD4238FF",
            "shootEffect": "blastExplosion",
            "hitEffect": "hitMeltdown",
            "incendChance": 140,
            "incendSpread": 18,
            "incendAmount": 4
              }
         },
    {
    "name": "sun-rocket",
    "shootCone": 15,
    "mirror": true,
    "alternate": true,
    "top": true, 
    "x": 3,
    "y": -3,
    "shots": 3,
    "reload": 18,
    "shootSound": "missile",
    "recoil": 0.5,
    "bullet": {
    "type": "MissileBulletType",
    "shootEffect": "blastExplosion",
    "damage": 35,
    "speed": 3,
	"frontColor": "FF5845FF",
    "backColor": "CD4238FF",
    "trailColor": "CD4238FF",
    "lifetime": 45,
  	"homingPower": 1,
	"homingRange": 80,
	"weaveScale": 5,			
	"weaveMag": 2,
	"splashDamageRadius": 10,
	"splashDamage": 18,	
    "incendChance": 140,
    "incendSpread": 18,
    "incendAmount": 4
    }
  }
]
}
