{
"name": "Proxima",
"research": "ravthian-reconstructor",
"description": "[red]A titan class unit that is able go tank through normal defenses and it specializes in taking down defense it is equipped with powerful shotgun weapons, large cannons and missiles launchers",
"type": "mech",
"details": "They will know what the power of nuclear fusion can do",
"lightRadius": 200,
"armor": 74,
"rotateSpeed": 1.0,
"canDrown": false,
"hitSize": 53,
"mechFrontSway": 1.6,
"mechSideSway": 0.8,
"commandLimit": 6,
"mechStepParticles": true,
"mechStepShake": 1,
"singleTarget": true,
"speed": 0.26,
"health": 748000,
"range": 280,
"immunities": [
		"burning",
		"wet",
		"melting"
		],
"weapons": [
  {
  "name": "proxima-shotgun",
  "x": 32.7,
  "y": -5,
  "reload": 39,
  "alternate": true,
  "top": false,
  "rotate": false,
  "recoil": 7,
  "shootY": 16,
  "shots": 2,
  "shake": 2,
  "spacing": 8,
  "shootSound": "shotgun",
  "ejectEffect": "casing1",
  "heatColor": "FF5845FF",
  "cooldownTime": 40,
  "bullet": {
            "speed": 0.01,
            "damage": 665,
            "width": 30,
            "pierce": "true",
            "type": "ShrapnelBulletType",
            "statusDuration": 90,
            "status": "melting",
            "lifetime": 19,
            "length": 290,
            "serrations": 7,
            "fromColor": "FF5845FF",
            "toColor": "CD4238FF",
            "shootEffect": "hitMeltdown",
            "hitEffect": "blastExplosion",
            "incendChance": 140,
            "incendSpread": 18,
            "incendAmount": 4,
            "lightning": 3,
            "lightningColor": "FF5845FF",
            "lightningDamage": 25,
            "lightningLength": 13,
            "lightningCone": 20,
            "lightningLengthRand": 13
      }
    },
    {
	"name": "gauss-red",
    "top": true,
    "mirror": true,
    "alternate": true,
    "y": -6.8,
    "x": -15,
    "shots": 2,
    "rotate": true,
    "rotateSpeed": 2,
    "shootY": 8,
    "reload": 56,
    "recoil": 0,
    "shake": 0.5,
    "shotDelay": 5,
    "ejectEffect": "casing2",
    "shootSound": "artillery",
           "bullet": { 
             "type": "basicBulletType",
             "sprite": "shell",
             "hitEffect": "hitMeltdown",
             "shootEffect": "hitMeltdown",
             "despawnEffect": "blastExplosion",
             "pierce": true,
             "pierceCap": 3,
             "lifetime": 70,
             "damage": 150,
             "speed": 6.9,
             "width": 16,
             "height": 14,
             "splashDamage": 50,
             "splashDamageRadius": 100,
             "incendChance": 140,
             "incendSpread": 18,
             "incendAmount": 4,
             "backColor": "CD4238FF",
             "frontColor": "FF5845FF"
    }
    },
    {
    "name": "suun-rocket",
    "mirror": true,
    "alternate": true,
    "top": true, 
    "x": 22.5,
    "y": 16,
    "shots": 4,
    "reload": 18,
    "shootSound": "missile",
    "recoil": 0.5,
    "bullet": {
    "type": "MissileBulletType",
    "shootEffect": "blastExplosion",
    "damage": 48,
    "speed": 4,
	"frontColor": "FF5845FF",
    "backColor": "CD4238FF",
    "trailColor": "CD4238FF",
    "lifetime": 125,
  	"homingPower": 1,
	"homingRange": 80,
	"weaveScale": 5,			
	"weaveMag": 2,
	"splashDamageRadius": 10,
	"splashDamage": 18,	
    "incendChance": 140,
    "incendSpread": 18,
    "incendAmount": 4
    }

            }
    ]
}
