{
"name": "Radiative",
"research": "photosphere",
"description":"[red]This unit is equipped powerful fusion shotguns and pulse guns it also has a oil sprayer that sprayer oil on targets to further ignite them and the area it also has status field that make units around it stronger",
"type": "mech",
"armor": 19,
"rotateSpeed": 2.8,
"canDrown": false,
"hitSize": 20,
"mechFrontSway": 1,
"commandLimit": 6,
"mechStepParticles": true,
"mechStepShake": 0.15,
"singleTarget": true,
"speed": 0.30,
"health": 17000,
"range": 155,
"immunities": [
		"burning"
		],
"weapons": [
  {
  "name": "radiative-shotgun",
  "x": 16,
  "y": 1,
  "reload": 38,
  "alternate": true,
  "top": false,
  "recoil": 5,
  "shake": 2,
  "shots": 1,
  "shootSound": "shotgun",
  "ejectEffect": "casing1",
  "bullet": {
            "speed": 0.01,
            "damage": 215,
            "width": 18,
            "pierce": "true",
            "type": "ShrapnelBulletType",
            "statusDuration": 80,
            "status": "melting",
            "lifetime": 18,
            "length": 160,
            "serrations": 5,
            "fromColor": "FF5845FF",
            "toColor": "CD4238FF",
            "shootEffect": "blastExplosion",
            "hitEffect": "hitMeltdown",
            "incendChance": 140,
            "incendSpread": 18,
            "incendAmount": 4
              }
         },
    {
	"name": "oil-sprayer",
    "mirror": false,
    "x": 0,
    "y": -4,
    "shootY": 6,
    "recoil": 0,
    "reload": 6,
    "rotate": true,
    "inaccuracy": 7,
    "soundPitchMin": 1.2,
    "soundPitchMax": 1.4,
    "shootSound": "flame2",
    "bullet":{
      "type": "LiquidBulletType",
      "liquid": "oil",
      "speed": 3,
      "damage": 1,
      "lifetime": 160
      }
    },
    {
   "name": "pulse-gun",
  "x": 8.5,
  "y": -7,
  "reload": 28,
  "alternate": true,
  "top": true,
  "shots": 3,
  "shootSound": "lasershoot",
  "ejectEffect": "casing1",
  "bullet": {
		"type" : "basicBulletType",
		"sprite" : "exogenesis-pulse",
		"status": "corroded",
		"damage": 50,
		"height" : 12,
		"width" : 12,
		"hitSize": 5,
		"speed": 5,
		"lifetime" : 45,
		"pierceBuilding": true,
		"pierceCap": 7,
		"hitEffect" : "blastExplosion",
		"despawnEffect": "blastExplosion",
		"shootEffect": "hitMeltdown",
		"pierce": true,
		"trailColor": "FF5845FF",
        "backColor": "FF5845FF",
        "frontColor": "CD4238FF",
        "incendChance": 140,
        "incendSpread": 18,
        "incendAmount": 3
    }

       }
     ],
    "abilities": [
        {
            "type": "mindustry.entities.abilities.StatusFieldAbility",
            "range" : 86,
            "reload" : 340,
            "duration" : 285,
            "effect": {
                "localizedName": "Inraged",
                "description": "You are out of control",
                "name": "rage",
                "speedMultiplier": 1.5,
                "damageMultiplier": 2.0,
                "reloadMultiplier": 1.0,
                "effect": "overdriven"
            }
        }
    ]
}
