{
"name": "Sol",
"research": "dagger",
"description": "[red]A small and durable unit created by the solran legion this unit possess 2 fusion shotgun weapons that lights what it hits on fire it also has a less command amount",
"type": "mech",
"armor": 7,
"commandLimit": 6,
"speed": 0.5,
"flying": false,
"health": 590,
"range": 50,
"immunities": [
		"burning"
		],
"weapons": [
  {
  "name": "gunner",
  "x": 4.3,
  "y": 0,
  "reload": 28,
  "alternate": true,
  "top": false,
  "shots": 1,
  "shootSound": "shotgun",
  "ejectEffect": "casing1",
  "bullet": {
             "speed": 0.01,
            "damage": 25,
            "width": 8,
            "pierce": "true",
            "type": "ShrapnelBulletType",
            "lifetime": 18,
            "length": 50,
            "serrations": 2,
            "fromColor": "FF5845FF",
            "toColor": "CD4238FF",
            "shootEffect": "hitMeltdown",
            "hitEffect": "hitMeltdown",
            "incendChance": 140,
            "incendSpread": 18,
            "incendAmount": 3
     }
  }
]
}
