{
    "type": "PowerTurret",
    "description": "[blue]A power based energy turret that can shoot large homing energy comets",
    "localizedName": "Halley",
    "size": 4,
    "health": 1600,
    "reloadTime": 70,
    "range": 300,
    "shots": 1,
    "targetAir": true,
    "targetGround": true,
    "shootCone": 2,
    "spread": 1,
    "recoilAmount": 2,
    "restitution": 0.04,
    "rotateSpeed": 4,
    "shootSound": "laser",
    
	"chargeTime": 25,
	"chargeMaxDelay": 38,
	"chargeEffects": 1,
	"chargeEffect": {
    "type": "ParticleEffect",
    "line": true,
    "particles": 15,
    "lifetime": 25,
    "length": 35,
    "baseLength": -35,
    "cone": -360,
    "lenFrom": 10,
    "lenTo": 0,
    "colorFrom": "79F2EEFF",
    "colorTo": "74C2E8FF"
	},
	"chargeBeginEffect": {
    "type": "ParticleEffect",
    "particles": 1,
    "sizeFrom": 1,
    "sizeTo": 5,
    "length": 0,
    "lifetime": 25,
    "colorFrom": "79F2EEFF",
    "colorTo": "74C2E8FF",
    "cone": 360
	},
	
    "shootType": {
        "type": "basicBulletType",
        "sprite": "testers-plasma",
        "status": "shocked",
        "speed": 4,
        "lifetime": 180,
        "damage": 285,
        "height": 18,
        "width": 18,
        "hitEffect": {
        "type": "WaveEffect",
        "lifetime": 20,
        "sizeFrom": 0,
        "sizeTo": 50,
        "strokeFrom": 4,
        "strokeTo": 0,
        "colorFrom": "79F2EEFF",
        "colorTo": "74C2E8FF"
        },
        "despawnEffect": {
        "type": "WaveEffect",
        "lifetime": 20,
        "sizeFrom": 0,
        "sizeTo": 50,
        "strokeFrom": 4,
        "strokeTo": 0,
        "colorFrom": "79F2EEFF",
        "colorTo": "74C2E8FF"
        },
        "trailEffect": {
        "type": "ParticleEffect",
        "particles": 1,
        "length": 0,
        "lifetime": 24,
        "sizeFrom": 18,
        "region": "testers-plasma",
        "colorFrom": "79F2EEFF",
        "colorTo": "74C2E8FF"
        },
        "trailChance": 1,
        "collides": true,
        "collidesAir": true,
        "collidesTiles": true,
        "homingRange": 200,
        "homingPower": 0.0567,
        "splashDamageRadius": 54,
        "splashDamage": 26,
        "frontColor": "F2FFF3FF",
        "backColor": "84F491FF"
    },
    "requirements": [
		{ "item": "copper", "amount": 360 },
		{ "item": "thorium", "amount": 297 },
		{ "item": "surge-alloy", "amount": 434 },
		{ "item": "osmium", "amount": 363 },
		{ "item": "silicon", "amount": 260 }
    ],
    "category": "turret",
    "research": "w-orbit"
}
