{
	"type": "PowerTurret",
	"localizedName": "Quarker",
	"description": "[green]Shoots a spread of energy pulses that pierce through the enemy and also corrode the enemy ",
	"size": 5,
	"health": 880,
	"reloadTime": 90,
	"range": 200,
	"inaccuracy": 15,
        "shots": 16,
        "burstSpacing": 10,
	"shootEffect": "hitMeltHeal",
	"targetAir" : true, 
	"targetGround" : true,
	"shootCone" : 60,
	"spread" : 15,
	"recoilAmount" : 1.5,
	"restitution" : 0.04, 
	"rotateSpeed": 5,
	
	"shootSound" : "lasershoot",
	"powerUse": 60,
	"hasPower" : true,
	"shootType": {
		"type" : "BasicBulletType",
		"sprite" : "exogenesis-pulse",
		"status": "corroded",
		"damage": 80,
		"height" : 13,
		"width" : 13,
		"hitSize": 10,
		"speed": 7,
		"lifetime" : 100,
		"shrinkX": 0,
		"shrinkY": 0,
		"hitEffect" : "healWave",
		"despawnEffect": "healWave",
		"shootEffect": "hitMeltHeal",
		"pierce": true,
		"frontColor": "82FF93FF",
		"backColor": "82FF93FF"
		
	},

	"requirements": [
		{ "item": "thorium", "amount": 700},
		{ "item": "plastanium", "amount": 250},
		{ "item": "xanium", "amount": 120},
		{ "item": "titanium", "amount": 400},
		{ "item": "silicon", "amount": 240}
	],
	"category": "turret",
	"research": "g-discharge"
}
