{
"localizedName": "Ragnarok Device",
"description":"[purple] A massive doomsday device weapon that can take out enemies from across The map with a pulse of dark energy requires lots of power to work it will also heal damaged blocks",
"details": "bring apon the end of days.  note hiting blocks cuases the pulse wave to bug out",
"health": "8789000",
"type": "powerTurret",
"reloadTime": 740,
"recoilAmount": 0,
"rotateSpeed": 0,
"shootCone": 720,
"range": 1800,
"shootLength": 0,
"heatColor": "9B61FFFF",
"cooldown": 0.030,
"size": 14,
"shootSound": "release",
"shots": 360,
"spread": 1,
"inaccuracy": 0,
"targetAir": true,
"targetGround": true,

    "powerUse": 1000,
    "hasPower": true,
    "shootType": {
    "sprite": "exogenesis-wavee",
    "collidesTiles": true,
    "reflectable": false,
    "hittable": false,
    "absorbable": false,
    "speed": 5,
    "height": 168,
    "width": 18,
    "shrinkX": -18,
    "shrinkY": 0,
    "drawSize": 0,
    "collidesTeam": true,
    "healPercent": 50,
    "hitSize": 36,
    "pierce": true,
    "pierceCap": 10,
    "pierceBuilding": true,
    "lifetime": 1000,
    "knockback": 0,
    "ammoMultiplier": 4,
    "damage": 20000,
    "frontColor": "FFFFFF",
    "backColor": "9B61FFFF",
    "hitEffect": {
    "type": "WaveEffect",
    "lifetime": 35,
    "sizeFrom": 0,
    "sizeTo": 65,
    "strokeFrom": 4,
    "strokeTo": 0,
    "colorFrom": "9B61FFFF",
    "colorTo": "9B61FFFF"
    },
    "despawnEffect": "none",
    "shootEffect": "none",
    "smokeEffect": "none",
    "incendChance": 0,
    "status": {
      "localizedName": "Chaos blasted",
      "name": "chaos",
      "description": "you have been hit with chaotic energy",
      "effect": {
      "type": "ParticleEffect",
      "line": true,
      "particles": 6,
      "lifetime": 30,
      "length": 35,
      "cone": -360,
      "lenFrom": 20,
      "lenTo": 0,
      "colorFrom": "9B61FFFF",
      "colorTo": "9B61FFFF"
      },
      "damage": 60,
      "speedMultiplier": 0.50,
      "healthMultiplier": 0.50,
      "reloadMultiplier": 0.50,
      "damageMultiplier": 0.50
    }
},
"requirements": [
		{ "item": "surge-alloy", "amount": 2750 },
		{ "item": "phase-fabric", "amount": 4000 },
		{ "item": "xanium", "amount": 3000 },
		{ "item": "silicon", "amount": 4800},
		{ "item": "primal-red", "amount": 2200 },
		{ "item": "quantux", "amount": 6000},
		{ "item": "titanium", "amount": 5000},
		{ "item": "osmium", "amount": 4300}
],
"category": "turret",
"research": "w-epg"

}
