{
	"type": "LaserTurret",
	"localizedName": "Aurstaus",
	"description": "[blue]a massive turret that was built by being from another world the turret consumes immense amounts of power when firing      its shoots a beam of pure energy that realses additional beams that damage enemies",
    "details": "made by a furry",
	"size": 14,
	"health": 8789000,
	"reloadTime": 80,
	"range": 780,
	"shots" : 1,
	"targetAir" : true, 
	"targetGround" : true,
	"powerUse": 753,
    "coolantMultiplier": 2.7,
    "heatColor": "74C2E8FF",
    "update": true,
    "hasPower": true,
    "shootShake": 6,
    "firingMoveFract": 0.5,
    "shootDuration": 590,
    "shootSound": "beam",
	"recoilAmount" : 3.5,
	"restitution" : 0.04, 
	"rotateSpeed": 1,

	"shootEffect":{
	    "type": "MultiEffect",
	    "lifetime": 50,
	    "effects": [
    {
    "type": "WaveEffect",
    "lifetime": 50,
    "rotation": 2.5,
    "sides": 0,
    "sizeFrom": 80,
    "sizeTo": 0,
    "strokeFrom": 4,
    "strokeTo": 0,
    "colorFrom": "FFFFFF",
    "colorTo": "94FFFBFF"
    },
    {
    "type": "WaveEffect",
    "lifetime": 50,
    "rotation": 2.5,
    "sides": 0,
    "sizeFrom": 60,
    "sizeTo": 0,
    "strokeFrom": 4,
    "strokeTo": 0,
    "colorFrom": "FFFFFF",
    "colorTo": "94FFFBFF"
    },
    {
  "type": "ParticleEffect",
        "particles": 80,
        "sizeFrom": 6,
        "sizeTo": 0,
        "length": 70,
        "lifetime": 50,
        "region": "exogenesis-plasma",
        "colorFrom": "FFFFFF",
        "colorTo": "94FFFBFF",
        "cone": 360
    },
    {
    "type": "WaveEffect",
    "lifetime": 50,
    "rotation": 2.5,
    "sides": 0,
    "sizeFrom": 40,
    "sizeTo": 0,
    "strokeFrom": 4,
    "strokeTo": 0,
    "colorFrom": "FFFFFF",
    "colorTo": "94FFFBFF"
    }
    ]
	},
	  "chargeEffect": "none",
	  "shootType" : {
      "type": "ContinuousLaserBulletType",
      "colors": ["6A97D9FF", "74C2E8FF", "94FFFBFF", "ffffff"],
      "damage": 7360,
      "width": 7,
      "oscScl": 4,
      "oscMag": 2,
      "length": 780,
      "drawSize": 780,
      "incendChance": 10,
      "incendSpread": 7,
      "incendAmount": 4,
      "status": {
              "name": "furry",
              "damage": 20,
              "effect": "lightningCharge",
              "permanent": true,
              "color": "F3E979FF",
              "effectChance": 0.0001,
              "speedMultiplier": 0.5,
              "damageMultiplier": 0.5,
              "reloadMultiplier": 0.5,
              "healthMultiplier": 0.5
      },
     	"fragBullets": 1,
     	"fragCone": 30,
		"fragBullet": {
  "type": "LaserBulletType",
  "colors": ["74C2E8FF", "94FFFBFF", "ffffff"],
  "length": 290,
  "width": 23,
  "speed": 1,
  "damage": 1558,
  "lightColor": "BF92F9FF",
  "lightRadius": 10,
  "sideAngle": 25,
  "sideWidth": 0,
  "sideLength": 0,
      "hitEffect": {
          "type": "MultiEffect",
          "effect": [
      {
        "type": "ParticleEffect",
        "particles": 1,
        "line": true,
        "length": 24,
        "lifetime": 5,
        "strokeFrom": 2,
        "strokeTo": 2,
        "lenFrom": 10,
        "lenTo": 10,
        "colorFrom": "ffffff",
        "colorTo": "94FFFBFF"
      },
      {
        "type": "ParticleEffect",
        "particles": 1,
        "line": true,
        "length": 24,
        "lifetime": 5,
        "strokeFrom": 2,
        "strokeTo": 2,
        "lenFrom": 10,
        "lenTo": 10,
        "colorFrom": "ffffff",
        "colorTo": "94FFFBFF"
      },
      {
        "type": "ParticleEffect",
        "particles": 1,
        "line": true,
        "length": 24,
        "lifetime": 5,
        "strokeFrom": 2,
        "strokeTo": 2,
        "lenFrom": 10,
        "lenTo": 10,
        "colorFrom": "ffffff",
        "colorTo": "94FFFBFF"
      },
      {
        "type": "ParticleEffect",
        "particles": 1,
        "line": true,
        "length": 24,
        "lifetime": 5,
        "strokeFrom": 2,
        "strokeTo": 2,
        "lenFrom": 10,
        "lenTo": 10,
        "colorFrom": "ffffff",
        "colorTo": "94FFFBFF"
      },
      {
        "type": "ParticleEffect",
        "particles": 1,
        "line": true,
        "length": 24,
        "lifetime": 5,
        "strokeFrom": 2,
        "strokeTo": 2,
        "lenFrom": 10,
        "lenTo": 10,
        "colorFrom": "ffffff",
        "colorTo": "94FFFBFF"
      },
      {
        "type": "ParticleEffect",
        "particles": 1,
        "line": true,
        "length": 24,
        "lifetime": 5,
        "strokeFrom": 2,
        "strokeTo": 2,
        "lenFrom": 10,
        "lenTo": 10,
        "colorFrom": "ffffff",
        "colorTo": "94FFFBFF"
      }
    ]
   }
  }
},
	"requirements": [
		{ "item": "surge-alloy", "amount": 2750 },
		{ "item": "jupiteium", "amount": 3000 },
		{ "item": "plastanium", "amount": 3000 },
		{ "item": "silicon", "amount": 4800},
		{ "item": "gamma-green", "amount": 2100 },
		{ "item": "omega-blue", "amount": 4000},
		{ "item": "titanium", "amount": 5000},
		{ "item": "osmium", "amount": 4300}
	],
	"category": "turret",
	"research": "b-kilonova"
}
