{
    "type": "PowerTurret",
    "researchCostMultiplier": 0.1,
    "description": "A strong turret with peircing energy bullets",
    "localizedName": "Guard",
    "size": 2,
    "health": 180,
    "reloadTime": 47,
    "range": 160,
    "inaccuracy": 1,
    "shots": 1,
    "targetAir": true,
    "targetGround": true,
    "shootCone": 2,
    "spread": 1,
    "recoilAmount": 1.5,
    "restitution": 0.04,
    "rotateSpeed": 8,
    "shootSound": "lasershoot",
    
	"chargeTime": 45,
	"chargeMaxDelay": 28,
	"chargeEffects": 5,
	"chargeEffect": "lancerLaserCharge",
	"chargeBeginEffect": "lancerLaserChargeBegin",
	
    "powerUse": 2,
    "hasPower": true,
    "shootType": {
        "type": "BasicBulletType",
        "sprite": "exogenesis-spear",
        "absorbable": true,
        "speed": 6,
        "lifetime": 40,
        "damage": 58,
        "height": 20,
        "width": 13,
        "hitEffect": "hitLaser",
        "despawnEffect": "hitLaser",
        "pierce": true,
        "frontColor": "bbdefb",
        "backColor": "90caf9"
    },
    "requirements": [
		{ "item": "copper", "amount": 100 },
		{ "item": "lead", "amount": 80 },
		{ "item": "graphite", "amount": 48 },
		{ "item": "silicon", "amount": 65 }
    ],
    "category": "turret",
    "research": "arc"
}
