{
    "type": "PowerTurret",
    "researchCostMultiplier": 0.3,
    "description": "The upgrade to the guard it fires a single projectile that will break in to smaller projectiles that peirces and homes in takes alot of power to fire",
    "localizedName": "Warden",
    "size": 4,
    "health": 480,
    "reloadTime": 68,
    "range": 230,
    "inaccuracy": 1,
    "shots": 1,
    "targetAir": true,
    "targetGround": true,
    "shootCone": 2,
    "spread": 1,
    "recoilAmount": 2.5,
    "restitution": 0.04,
    "rotateSpeed": 8,
    "shootSound": "laser",
    
	"chargeTime": 65,
	"chargeMaxDelay": 28,
	"chargeEffects": 5,
	"chargeEffect": "lancerLaserCharge",
	"chargeBeginEffect": "lancerLaserChargeBegin",
	
    "powerUse": 8,
    "hasPower": true,
    "shootType": {
        "type": "BasicBulletType",
        "sprite": "exogenesis-spear",
        "absorbable": true,
        "speed": 6,
        "lifetime": 40,
        "damage": 108,
        "height": 48,
        "width": 20,
        "hitEffect": "hitLaser",
        "despawnEffect": "hitLaser",
        "pierce": false,
        "frontColor": "bbdefb",
        "backColor": "90caf9",
	"fragBullets": 5,
	"fragBullet": {
        "type": "BasicBulletType",
        "sprite": "exogenesis-spear",
        "absorbable": true,
        "speed": 6,
        "lifetime": 160,
        "damage": 28,
        "homingRange": 200,
        "homingPower": 0.0567,
        "height": 28,
        "width": 9,
        "hitEffect": "hitLaser",
        "despawnEffect": "hitLaser",
        "pierce": true,
        "frontColor": "bbdefb",
        "backColor": "90caf9"
			}
    },
    "requirements": [
		{ "item": "copper", "amount": 400 },
		{ "item": "lead", "amount": 280 },
		{ "item": "osmium", "amount": 230 },
		{ "item": "titanium", "amount": 178 },
		{ "item": "silicon", "amount": 265 }
    ],
    "category": "turret",
    "research": "w-guard"
}
