{
	"type": "PowerTurret",
	"description": "[yellow]An ion based ground turret it ionizes particles uses magnetic pulses to accelerate ion bullets at enemies",
	"localizedName": "Ion Repulser",
	"size": 4,
	"health": 3180,
	"reloadTime": 6,
	"range": 240,
	"inaccuracy": 0,
	"shots" : 1,
	"heatColor": "FFF47AFF",
	
	"targetAir" : false, 
	"targetGround" : true,
	"shootCone" : 2,
	"spread" : 0,
	"recoilAmount" : 1.5,
	"restitution" : 0.04, 
	"rotateSpeed": 8,
	
	"shootSound" : "lasershoot",

    "powerUse" : 18,
    "hasPower" : true,
    "shootType" : {
		"type" : "laserBoltBulletType",
		"speed": 6.0,
		"lifetime" : 50,
		"damage": 50,
		"height" : 6,
		"width" : 2,
	        "shootEffect": "hitYellowLaser",
		"hitEffect": "hitYellowLaser",
		"despawnEffect" : "hitYellowLaser",
		"pierce": true,
		"frontColor": "FFF47AFF",
		"backColor": "FFF7A3FF"
	},

	"requirements": [
		{ "item": "copper", "amount": 700},
		{ "item": "osmium", "amount": 558},
		{ "item": "xanium", "amount": 460},
		{ "item": "plastanium", "amount": 340},
		{ "item": "silicon", "amount": 890}
	],
	"category": "turret",
	"research": "w-warden"
}
