{
	"type": "PowerTurret",
	"description": "[yellow]An AA energy turret that shots out large energy bullets that homes in on air units dealing massive aof damage",
	"localizedName": "Zero Point",
	
	"size": 4,
	"health": 4360,
	"range": 800,
	"reloadTime" : 280,
	"inaccuracy": 2,
	"shots" : 1,
	"targetAir" : true, 
	"targetGround" : false,
	"shootCone" : 1,
	"spread" : 2,
	"recoilAmount" : 4,
	"restitution" : 0.08, 
	"rotateSpeed": 6,
	"shootShake" : 2,

	"shootSound" : "laser",
	"chargeTime" : 90,
	"chargeMaxDelay" : 10,
	"chargeEffects" : 5,
	"chargeEffect": {
    "type": "WaveEffect",
    "lifetime": 75,
    "sizeFrom": 50,
    "sizeTo": 0,
    "strokeFrom": 4,
    "strokeTo": 0,
    "colorFrom": "FFDA45FF",
    "colorTo": "F3E979FF"
	},
	"chargeBeginEffect": {
    "type": "ParticleEffect",
    "particles": 1,
    "sizeFrom": 10,
    "sizeTo": 1,
    "length": 0,
    "lifetime": 90,
    "region": "particle",
    "colorFrom": "FFDA45FF",
    "colorTo": "F3E979FF",
    "cone": 360
	},

    "powerUse" : 30,
	"hasPower" : true,
	"shootType" : {
		"type" : "flakBulletType",
		"sprite" : "large-bomb",
		"explodeRange": 80,
		"damage": 400,	
		"splashDamage" : 900,
		"splashDamageRadius" : 96,	
	    "hitShake" : 10,
		"height" : 50,
		"width" : 50,			
		"speed": 4,
		"collidesTiles": false,
		"collidesGround": false,
		"collidesAir": true,
		"lifetime" : 1200,
		"homingPower": 0.000769,
		"homingRange": 128,
		"shrinkX": 0,
		"shrinkY": 0,
		"spin" : 3,
		"hitEffect" : "shockwave",
		"despawnEffect": "shockwave",
		"shootEffect": "flakExplosion",
		"pierce": false,
		"smokeEffect": "none",
		"frontColor": "F3E979FF",
		"backColor": "FFDA45FF",
		"fragBullets": 12,
		"fragBullet": {
			"type": "flakBulletType",
		    "explodeRange": 20,
			"sprite" : "large-bomb",
			"status" : "melting",
			"collidesTiles": false,
            "collidesGround": false,
            "collidesAir": true,
			"height" : 15,
			"width" : 15,
			"shrinkX": 0,
			"shrinkY": 0,
			"spin" : 8,
			"lifetime": 120,
			"speed": 1.5,
			"damage" : 300,
			"splashDamage" : 600,
			"splashDamageRadius" : 32,	
			"hitEffect" : "massiveExplosion",
			"despawnEffect": "massiveExplosion",
			"frontColor": "F3E979FF",
			"backColor": "FFDA45FF"
		}
	},

	"requirements": [
		{ "item": "surge-alloy", "amount": 750 },
		{ "item": "plastanium", "amount": 900 },
		{ "item": "silicon", "amount": 1100},
		{ "item": "alpha-yellow", "amount": 400}
	],
	"category": "turret",
	"research": "y-pulsaar"
}
