{    
    "type": "Wall",
    "buildCostMultiplier": 0.1,
    "description": "A tough wall that absorbs hits from enemies and then releases it in large lighting arcs",
    "localizedName": "Alpha wall",
    "lightningSound": "spark",
    "lightningChance": 0.60,
    "lightningColor": "F3E979FF",
    "lightningDamage": 48,
    "lightningLength":28,
    "health": 2520,
    "size": 1,
    "requirements": [
        {"item": "alpha-yellow", "amount": 95},
        {"item": "surge-alloy", "amount": 65}
    ],
    "category": "defense",
    "research": "surge-wall"
}
