{    
    "type": "Wall",
    "buildCostMultiplier": 0.1,
    "description": "A tough wall that absorbs hits from enemies and then releases it in large lighting arcs",
    "localizedName": "Gigantic alpha wall",
    "lightningSound": "spark",
    "lightningChance": 0.60,
    "lightningColor": "F3E979FF",
    "lightningDamage": 48,
    "lightningLength":28,
    "health": 40320,
    "size": 4,
    "requirements": [
        {"item": "alpha-yellow", "amount": 485},
        {"item": "surge-alloy", "amount": 145}
    ],
    "category": "defense",
    "research": "y-huge-alpha-wall"
}
