{    
    "type": "Wall",
    "buildCostMultiplier": 0.1,
    "description": "A tough wall that absorbs hits from enemies and then releases it in large lighting arcs",
    "localizedName": "Huge alpha wall",
    "lightningSound": "spark",
    "lightningChance": 0.60,
    "lightningColor": "F3E979FF",
    "lightningDamage": 48,
    "lightningLength":28,
    "health": 22680,
    "size": 3,
    "requirements": [
        {"item": "alpha-yellow", "amount": 345},
        {"item": "surge-alloy", "amount": 95}
    ],
    "category": "defense",
    "research": "y-large-alpha-wall"
}
