{
	"type": "ImpactReactor",
	"localizedName": "ohno",
	"description": "uses extreme amounts of gravitational energy to collapse jupiteium and azuid azide in to a singularity to generate power [red] warning keep far away from cores or important defenses",
	"health": 200000000000,
	"itemCapacity": 200,
	"size": 5,
	"lightColor": "EBFFFEFF",
	"baseExplosiveness": 900000,
    "explosionRadius": 400,
    "explosionDamage": 100000,
	"hasLiquids": true,
	"powerProduction": 570,
	"warmupSpeed": 100,
	"itemDuration": 380,
	"plasma1": "EC905AFF",
	"plasma2": "D99F6BFF",
	"consumes": {
		"power": 80.0,
		"items": {
			"items": [
				{"item": "copper", "amount": 1},
				
			]
	},
		"liquid": {
			"liquid": "cryofluid",
			"amount": 0.00000000000000000000000000000000000000000000000000000001
		}
	},
	"requirements": [
		{ "item": "copper", "amount": 1" },
		 }
	],
	"category": "power",
    "loopSound": "pulse",
    "loopSoundVolume": 1.0,
	"research": "impact-reactor",
	"ambientSound": "hum",
	"ambientSoundVolume": 0.85
}
