{
	"localizedName": "ohyes",
	"type": "battery",
	"description": "Uses alpha steel cells to store mass amounts of power but requires lost of resources to build",
	"size": 6,
	"absorbLasers": true,
	"fullLightColor": "79F2EEFF",
	"emptyLightColor": "565666FF",
	"hasPower": true,
	"outputsPower": true,
	"consumesPower": true,
	"hasItems": false,
	"canOverdrive": false,
	"health": 50000000000000000000000000000000000000,
	"consumes": {
		"powerBuffered": 100000000000000000000000000000000000000000000000000000
	},
	"category": "power",
	"research": "battery",
	"requirements": [
		{ "item": "copper", "amount": 1 },
		
	]
}
