{
    "localizedName": "Rank",
    "description": "[acid] This unit is equipped with two powerful gamma artillery that homes in on targets the bullet moves slowly tho",
    "research": "1-arco",
    "type": "naval",
    "speed": 0.9,
    "armor": 5,
    "drag": 0.15,
	"targetAir": true,
    "hitSize": 11,
    "health": 1280,
    "accel": 0.3,
    "rotateSpeed": 3.3,
    "trailLength": 20,
    "trailX": 5.5,
    "trailY": -4,
    "trailScl": 1.9,
    "rotateShooting": false,
	"weapons": [
		{
   "name": "quark-hail",
    "top": true,
    "y": -1,
    "x": 5.2,
    "rotate": true,
    "rotateSpeed": 1.8,
    "reload": 60,
    "recoil": 1,
    "shake": 2,
    "ejectEffect": "casing2",
    "shootSound": "artillery",
           "bullet": { 
             "type": "artilleryBulletType",
             "hitEffect": "healWave",
             "shootEffect": "hitMeltHeal",
             "despawnEffect": "healWave",
             "knockback": 0.8,
             "lifetime": 110,
             "damage": 60,
             "buildingDamageMultiplier": 0.06,
             "status": "corroded",
             "statusDuration": 80,
             "speed": 1.6,
             "width": 14,
             "height": 14,
             "collides": true,
             "collidesAir": true,
             "collidesTiles": true,
             "homingRange": 100,
             "homingPower": 0.0678,
             "splashDamageRadius": 34,
             "splashDamage": 65,
             "trailColor": "CEFF73FF",
             "backColor": "CEFF73FF",
             "frontColor": "CEFF73FF"
           }
			},
			{
    "name": "quark-zap",
    "reload": 38,
    "top": true,
    "mirror": false,
    "x": 0,
    "y": -3,
    "shootY": 2,
    "recoil": 1.5,
    "shake": 1,
    "rotateSpeed": 1.8,
    "rotate": true,
    "shots": 5,
    "shootSound": "spark",
    "shootCone": 45,
			"bullet": {
              "type": "LightningBulletType",
              "status": "corroded",
              "buildingDamageMultiplier": 0.02,
              "statusDuration": 80,
		      "lightningColor": "CEFF73FF",
		      "lightningCone": 20,
		      "damage": 48,
              "lightningLength": 26,
              "collidesAir": true
			}
		}
	]
}
