{
    "localizedName": "Peak",
    "description": "[acid] Instead of just 2 artillery guns it now has 4 which makes it great at taking out thing at a distance",
    "research": "2-falx",
    "type": "naval",
    "speed": 0.85,
    "armor": 8,
    "drag": 0.17,
	"targetAir": true,
    "hitSize": 16,
    "health": 3820,
    "accel": 0.2,
    "rotateSpeed": 1.9,
    "trailX": 7,
    "trailY": -9,
    "trailScl": 1.5,
    "trailLength": 20,
    "rotateShooting": false,
	"weapons": [
		{
   "name": "quark-hail",
    "top": true,
    "mirror": true,
    "y": 3,
    "x": 5.2,
    "rotate": true,
    "rotateSpeed": 1.8,
    "reload": 60,
    "recoil": 1,
    "shake": 2,
    "ejectEffect": "casing2",
    "shootSound": "artillery",
           "bullet": { 
             "type": "artilleryBulletType",
             "hitEffect": "healWave",
             "shootEffect": "hitMeltHeal",
             "despawnEffect": "healWave",
             "knockback": 0.8,
             "lifetime": 110,
             "damage": 60,
             "buildingDamageMultiplier": 0.06,
             "status": "corroded",
             "statusDuration": 80,
             "speed": 1.6,
             "width": 14,
             "height": 14,
             "collides": true,
             "collidesAir": true,
             "collidesTiles": true,
             "homingRange": 100,
             "homingPower": 0.0678,
             "splashDamageRadius": 34,
             "splashDamage": 65,
             "trailColor": "CEFF73FF",
             "backColor": "CEFF73FF",
             "frontColor": "CEFF73FF"
           }
			},
			{
   "name": "quark-hail",
    "top": true,
    "mirror": true,
    "y": -7,
    "x": 7.8,
    "rotate": true,
    "rotateSpeed": 1.8,
    "reload": 60,
    "recoil": 1,
    "shake": 2,
    "ejectEffect": "casing2",
    "shootSound": "artillery",
           "bullet": { 
             "type": "artilleryBulletType",
             "hitEffect": "healWave",
             "shootEffect": "hitMeltHeal",
             "despawnEffect": "healWave",
             "knockback": 0.8,
             "lifetime": 110,
             "damage": 60,
             "buildingDamageMultiplier": 0.06,
             "status": "corroded",
             "statusDuration": 80,
             "speed": 1.6,
             "width": 14,
             "height": 14,
             "collides": true,
             "collidesAir": true,
             "collidesTiles": true,
             "homingRange": 100,
             "homingPower": 0.0678,
             "splashDamageRadius": 34,
             "splashDamage": 65,
             "trailColor": "CEFF73FF",
             "backColor": "CEFF73FF",
             "frontColor": "CEFF73FF"
			}
		}
	]
}
