{
    "localizedName": "Pinnacle",
    "description": "[acid] This unit is equipped with a powerful gamma laser that deals more damage to structures and it has 2 specialized artillery cannons that shot out a spread of bullets that have random speeds",
    "research": "3-vega",
    "type": "naval",
    "armor": 13,
    "drag": 0.17,
	"targetAir": true,
    "hitSize": 46,
    "health": 9280,
    "speed": 0.7,
    "accel": 0.3,
    "rotateSpeed": 1.9,
    "trailX": 15,
    "trailY": -6,
    "trailScl": 3,
    "trailLength": 45,
    "rotateShooting": false,
	"weapons": [
		{
    "name": "quark-zap",
    "reload": 38,
    "top": true,
    "mirror": false,
    "x": 0,
    "y": 18,
    "shootY": 2,
    "recoil": 1.5,
    "shake": 1,
    "rotateSpeed": 1,
    "rotate": true,
    "shots": 5,
    "shootSound": "spark",
    "shootCone": 45,
			"bullet": {
              "type": "LightningBulletType",
              "status": "corroded",
              "statusDuration": 80,
              "buildingDamageMultiplier": 0.04,
		      "lightningColor": "CEFF73FF",
		      "lightningCone": 20,
		      "damage": 48,
              "lightningLength": 26,
              "collidesAir": true
			}
		},
		{
   "name": "orbit",
    "top": true,
    "mirror": true,
    "alternate": true,
    "y": 4,
    "x": 6.5,
    "shots": 4,
    "rotate": true,
    "rotateSpeed": 1,
    "reload": 50,
    "recoil": 0,
    "inaccuracy": 7,
    "shake": 2,
    "shootCone": 20,
    "velocityRnd": 0.8,
    "ejectEffect": "casing2",
    "shootSound": "artillery",
           "bullet": { 
             "type": "artilleryBulletType",
             "sprite": "exogenesis-orb",
             "hitEffect": "healWave",
             "shootEffect": "hitMeltHeal",
             "despawnEffect": "healWave",
             "buildingDamageMultiplier": 0.06,
             "lifetime": 180,
             "damage": 70,
             "status": "corroded",
             "statusDuration": 100,
             "speed": 2.9,
             "width": 14,
             "height": 14,
             "collides": true,
             "collidesAir": true,
             "collidesTiles": true,
             "homingRange": 100,
             "homingPower": 0.00678,
             "splashDamageRadius": 100,
             "splashDamage": 85,
             "trailColor": "CEFF73FF",
             "backColor": "CEFF73FF",
             "frontColor": "FFFFFF"
           }
			},
			{
   "name": "pulser",
    "top": true,
    "y": -8,
    "x": 0,
    "mirror": false,
    "rotate": true,
    "rotateSpeed": 2.8,
    "reload": 210,
    "recoil": 2,
    "shake": 2,
    "shootSound": "laser",
    "cooldownTime": 250,
    "bullet": {
      "type": "laserBulletType",
      "damage": 450,
      "sideAngle": 20,
      "sideWidth": 1.5,
      "sideLength": 80,
      "width": 26,
      "buildingDamageMultiplier": 1.2,
      "colors":["9FEB61FF", "F3E979FF", "FFFFFF"],
      "length": 280,
        "shootEffect": {
        "type": "ParticleEffect",
        "particles": 45,
        "sizeFrom": -5,
        "sizeTo": 0,
        "length": 20,
        "lifetime": 38,
        "colorFrom": "F3E979FF",
        "colorTo": "F3E979FF",
        "cone": 360
		 }
       }
	 }
   ]
 }
