{
    "localizedName": "Prime",
    "description": "[acid] The prime is a giant of a naval unit it is equipped with powerful guns that shoot 3 bullets that are capable of piercing through structures along with a giga laser that fires out gamma lighting when it hits something it also has the ability to heal friendly units",
    "research": "4-helios",
    "type": "naval",
    "armor": 18,
    "drag": 0.17,
    "commandLimit": 10,
    "targetAir": true,
    "hitSize": 75,
    "health": 12800,
    "speed": 0.76,
    "accel": 0.11,
    "rotateSpeed": 0.9,
    "trailX": 23,
    "trailY": -20,
    "trailScl": 5,
    "trailLength": 55,
    "rotateShooting": false,
    "buildSpeed": 4.8,
    "buildBeamOffset": 48,

    "ammoCapacity": 1200,
    "ammoResupplyAmount": 20,
	"weapons": [
		{
   "name": "gauss",
    "top": true,
    "mirror": true,
    "alternate": true,
    "y": 10,
    "x": 18,
    "shots": 3,
    "rotate": true,
    "rotateSpeed": 2,
    "shootY": 12,
    "reload": 45,
    "recoil": 1,
    "shake": 2,
    "shootCone": 20,
    "shotDelay": 5,
    "ejectEffect": "casing2",
    "shootSound": "artillery",
           "bullet": { 
             "type": "basicBulletType",
             "sprite": "shell",
             "hitEffect": "hitMeltHeal",
             "shootEffect": "hitMeltHeal",
             "despawnEffect": "healWave",
             "pierce": true,
             "pierceCap": 3,
             "pierceBuilding": true,
             "buildingDamageMultiplier": 0.62,
             "lifetime": 70,
             "damage": 180,
             "status": "corroded",
             "statusDuration": 100,
             "speed": 6.9,
             "width": 16,
             "height": 14,
             "trailColor": "CEFF73FF",
             "backColor": "CEFF73FF",
             "frontColor": "8AD44EFF"
           }
			},
			{
   "name": "gamma-laser",
  "x": 0,
  "y": -18,
  "mirror": false,
  "top": true,
  "shake": 1,
  "reload": 340,
  "recoil": 2,
  "rotate": true,
  "shootY": 4,
  "rotateSpeed": 1.9,
  "chargeSound": "lasercharge2",
    "shootSound": "beam",
    "continuous": true,
    "cooldownTime": 390,
    "firstShotDelay": 19,
    "bullet": {
    "type": "ContinuousLaserBulletType",
    "damage": 70,
    "length": 220,
    "width": 5,
    "hitEffect": "hitMeltHeal",
    "drawSize": 320,
    "lifetime": 200,
    "shake": 1,
    "despawnEffect": "smokeCloud",
    "smokeEffect": "smokeCloud",
    "buildingDamageMultiplier": 0.62,
    "lightning": 1,
    "lightningColor": "CEFF73FF",
    "lightningDamage": 7,
    "lightningLength": 26,
    "lightningCone": 20,
    "lightningLengthRand": 13,
    "status": "corroded",
    "statusDuration": 100,
    "colors":["8AD44EFF", "CEFF73FF", "FFFFFF"],
    "shootEffect": {
    "type": "WaveEffect",
    "lifetime": 35,
    "sizeFrom": 50,
    "sizeTo": 0,
    "strokeFrom": 4,
    "strokeTo": 0,
    "colorFrom": "F3E979FF"
       }
	 }
   }
     ],
    "abilities": [
        {
              "type": "mindustry.entities.abilities.RepairFieldAbility",
              "range": 260,
              "amount": 800,
              "reload": 280
            }
        ]
}
