{
    "localizedName": "Apex",
    "description": "[acid] A support/base breaker titan class unit the apex is equipped with upgrade gauss and gamma beams it also has 4 gunners and two back lancers that can pull in enemies its able to build like the prime it can also hold large amounts of resources",
    "details": "Stand your ground and make them pay",
    "research": "dagger",
    "type": "naval",
    "armor": 46,
    "drag": 0.17,
    "commandLimit": 12,
    "targetAir": true,
    "range": 300,
    "hitSize": 96,
    "health": 518200,
    "speed": 0.70,
    "accel": 0.11,
    "rotateSpeed": 0.8,
    "trailX": 23,
    "trailY": -20,
    "trailScl": 6,
    "trailLength": 75,
    "rotateShooting": false,
    "buildSpeed": 6.8,
    "buildBeamOffset": 56,
            
    "itemCapacity": 500,
    "ammoCapacity": 3000,
    "ammoResupplyAmount": 30,
	"weapons": [
		{
   "name": "green-gunner",
    "top": true,
    "mirror": true,
    "y": 47,
    "x": 23,
    "rotate": true,
    "rotateSpeed": 2.8,
    "shootCone": 18,
    "inaccuracy": 6,
    "shotDelay": 2,
    "shots": 2,
    "reload": 8,
    "recoil": 1,
    "shake": 0,
    "ejectEffect": "casing2",
    "shootSound": "shoot",
           "bullet": { 
            "type": "flakBulletType",
            "collidesGround": true,
            "collidesAir": true,
            "collidesTiles": true,
            "speed": 5,
            "damage": 48,
            "status": "corroded",
            "buildingDamageMultiplier": 0.06,
            "splashDamage": 42,
            "splashDamageRadius": 25,
            "shootEffect": "shootBig",
            "hitEffect": "flakExplosion",
            "despawnEffect": "shootBig",
            "width":8,
            "height": 11,
            "lifetime": 48,
            "knockback": 1,
            "backColor": "CEFF73FF",
            "frontColor": "CEFF73FF"
           }
			},
			{
   "name": "green-gunner",
    "top": true,
    "mirror": true,
    "y": 27,
    "x": 23,
    "rotate": true,
    "rotateSpeed": 2.8,
    "shots": 2,
    "shootCone": 18,
    "inaccuracy": 6,
    "shotDelay": 2,
    "reload": 8,
    "recoil": 1,
    "shake": 0,
    "ejectEffect": "casing2",
    "shootSound": "shoot",
           "bullet": { 
            "type": "flakBulletType",
            "collidesGround": true,
            "collidesAir": true,
            "collidesTiles": true,
            "speed": 5,
            "damage": 48,
            "status": "corroded",
            "buildingDamageMultiplier": 0.06,
            "splashDamage": 42,
            "splashDamageRadius": 25,
            "shootEffect": "shootBig",
            "hitEffect": "flakExplosion",
            "despawnEffect": "shootBig",
            "width":8,
            "height": 11,
            "lifetime": 48,
            "knockback": 1,
            "backColor": "CEFF73FF",
            "frontColor": "CEFF73FF"
			 }
	      },
			{
  "name": "giga-gamma-laser",
  "x": 0,
  "y": -22,
  "mirror": false,
  "top": true,
  "shake": 1,
  "reload": 380,
  "recoil": 2,
  "rotate": true,
  "shootY": 9,
  "rotateSpeed": 1.9,
  "chargeSound": "lasercharge2",
    "shootSound": "beam",
    "continuous": true,
    "cooldownTime": 390,
    "bullet": {
    "type": "ContinuousLaserBulletType",
    "buildingDamageMultiplier": 0.62,
    "damage": 100,
    "length": 300,
    "width": 5,
    "hitEffect": "hitMeltHeal",
    "drawSize": 300,
    "lifetime": 200,
    "shake": 1,
    "despawnEffect": "smokeCloud",
    "smokeEffect": "smokeCloud",
    "lightning": 1,
    "lightningColor": "CEFF73FF",
    "lightningDamage": 7,
    "lightningLength": 26,
    "lightningCone": 20,
    "lightningLengthRand": 13,
    "status": "corroded",
    "statusDuration": 100,
    "colors":["8AD44EFF", "CEFF73FF", "FFFFFF"],
    "shootEffect": "healWave"
           }
			},
			{
   "name": "green-lancer",
    "top": true,
    "mirror": true,
    "alternate": true,
    "y": -26,
    "x": 25,
    "shots": 1,
    "rotate": true,
    "rotateSpeed": 2,
    "shootY": 5,
    "reload": 42,
    "recoil": 0,
    "shake": 0,
    "shootCone": 20,
    "ejectEffect": "none",
    "shootSound": "laser",
			"bullet": {
              "type": "LaserBulletType",
              "length": 280,
              "width": 15,
              "damage": 130,
              "knockback": -2,
              "buildingDamageMultiplier": 0.05,
              "hitColor": "CEFF73FF",
              "shootEffect": "hitMeltHeal",
              "status": "corroded",
              "statusDuration": 100,
              "colors":["8AD44EFF", "CEFF73FF", "FFFFFF"],
              "sideAngle": 25,
              "sideLength": 0,
              "sideWidth": 0
           }
			},
			{
   "name": "fat-gauss",
    "top": true,
    "mirror": true,
    "alternate": true,
    "y": -5,
    "x": 25,
    "shots": 1,
    "rotate": true,
    "rotateSpeed": 2,
    "shootY": 5,
    "reload": 90,
    "recoil": 1,
    "shake": 2,
    "shootCone": 20,
    "ejectEffect": "casing2",
    "shootSound": "artillery",
           "bullet": { 
             "type": "basicBulletType",
             "sprite": "shell",
             "hitEffect": "hitMeltHeal",
             "shootEffect": "hitMeltHeal",
             "despawnEffect": "healWave",
             "pierce": false,
             "pierceCap": 1,
             "pierceBuilding": true,
             "buildingDamageMultiplier": 0.22,
             "lifetime": 70,
             "damage": 100,
             "status": "corroded",
             "statusDuration": 100,
             "speed": 6.9,
             "width": 16,
             "height": 14,
             "trailColor": "CEFF73FF",
             "backColor": "CEFF73FF",
             "frontColor": "8AD44EFF",
             "fragBullets": 9,
			 "fragBullet": {
			"type": "BasicBulletType",
			"sprite" : "large-bomb",
			"status" : "melting",
			"collidesTiles": true,
            "collidesGround": true,
            "collidesAir": true,
			"height" : 15,
			"width" : 15,
			"shrinkX": 0,
			"shrinkY": 0,
			"spin" : 8,
			"lifetime": 20,
			"speed": 2.5,
			"damage" : 20,
			"splashDamage" : 80,
			"splashDamageRadius" : 62,	
			"hitEffect" : "massiveExplosion",
			"despawnEffect": "massiveExplosion",
			"frontColor": "FFFFFF",
			"backColor": "CEFF73FF"

       }
	 }
	 
	}
     ],
    "abilities": [
 {
              "type": "UnitSpawnAbility",
              "spawnX": 0,
              "spawnY": -58,
              "unit": "2-falx",
              "spawnTime": 1890
  },
        {
              "type": "mindustry.entities.abilities.RepairFieldAbility",
              "range": 340,
              "amount": 1800,
              "reload": 380
            }
        ]
}
