{
	"type": "ItemTurret",
	"description": "A single barreled turret that can shoot rapidly",
	"localizedName": "Flux",
	"size": 5,
	"health": 1500,
	"maxAmmo": 50,
	"ammoPerShot" : 1,
	"reloadTime": 18,
	"range": 250,
	"targetAir" : true, 
	"targetGround" : true, 

	"rotateSpeed": 5,
	"inaccuracy": 1,
	"shots" : 1,
	"burstSpacing": 6,
	"recoilAmount" : 3,
	"restitution" : 0.08, 
	"shootSound" : "shootBig",

	"ammoTypes": {
    "thorium": {
            "speed": 8,
            "height": 16,
            "width": 10,
            "damage": 57,
            "knockback": 4.8,
            "hitSize": 12,
            "frontColor": "FFBACEFF",
            "backColor": "FF90D8FF",
            "shootEffect": "thoriumShoot",
            "hitEffect": "flakExplosion"
        },
     "blast-compound": {
            "status": "burning",
			"statusDuration": "1200",
            "speed": 10,
            "height": 16,
            "width": 10,
            "damage": 66,
            "knockback": 0.8,
            "hitSize": 12,
            "frontColor": "E66F57FF",
            "backColor": "C85C51FF",
            "shootEffect": "hitMeltdown",
            "hitEffect": "massiveExplosion",
			"splashDamageRadius": 80,
			"splashDamage": 10,
                        "incendAmount": 8,
			"incendSpread": 4,
			"incendChance": 10
        },
     "surge-alloy": {
            "status": "shocked",
			"statusDuration": "1200",
            "speed": 9,
            "height": 16,
            "width": 10,
            "damage": 85,
            "knockback": 0.5,
            "hitSize": 12,
            "frontColor": "F3E979FF",
            "backColor": "F3E979FF",
            "shootEffect": "flakExplosion",
            "hitEffect": "instBomb",
            "lightning": 5,
            "lightningDamage": 6,
            "lightningCone": 360,
            "lightningLengthRand": 13,
            "lightningLength": 25,
            "collidesAir": true
			}	
	},
	"requirements": [
		{ "item": "plastanium", "amount": 400 },
		{ "item": "lead", "amount": 800 },
		{ "item": "silicon", "amount": 520 },
		{ "item": "osmium", "amount": 220 },
		{ "item": "titanium", "amount": 800 }
	],
	"category": "turret",
	"research": "spectre"
}
