{
	"localizedName": "Nexus",
	"type": "itemTurret",
	"details": "One bullet wasn't enough so now we have two",
	"description": "[blue] A rapidly firing Turret that is stronger against single targets",
	"health": 8660,
	"shots": 2,
    "shootShake": 3,
	"size": 8,
	"reloadTime": 10.25,
	"range": 430,
	"recoilAmount": 4.2,
	"restitution": 0.1,
	"coolantMultiplier": 0.84,
	"ammoUseEffect": "none",
	"burstSpacing": 3,
	"shootCone": 6,
	"shootSound": "artillery",
	"rotateSpeed": 0.80,
	"inaccuracy": 0,
    "ammoTypes": {
    "jupiteium": {
            "speed": 18,
            "height": 26,
            "width": 13,
            "damage": 175,
            "knockback": 4.8,
            "hitSize": 12,
            "frontColor": "5E7DC7FF",
            "backColor": "51689CFF",
            "shootEffect": "lightningShoot",
            "hitEffect": "bigShockwave"
        },
     "omega-blue": {
            "status": "slow",
			"statusDuration": "1200",
            "speed": 20,
            "height": 29,
            "width": 13,
            "damage": 325,
            "knockback": 0.8,
            "hitSize": 12,
            "frontColor": "74C2E8FF",
            "backColor": "79F2EEFF",
            "shootEffect": "lightningShoot",
            "hitEffect": "bigShockwave",
            "lightning": 7,
            "lightningDamage": 14,
            "lightningColor": "74C2E8FF",
            "lightningCone": 360,
            "lightningLengthRand": 13,
            "lightningLength": 25,
            "collidesAir": true
        },
     "surge-alloy": {
            "status": "shocked",
			"statusDuration": "1200",
            "speed": 18,
            "height": 30,
            "width": 17,
            "damage": 275,
            "knockback": 0.5,
            "hitSize": 12,
            "frontColor": "F3E979FF",
            "backColor": "F3E979FF",
            "shootEffect": "lightningShoot",
            "hitEffect": "bigShockwave",
            "lightning": 5,
            "lightningDamage": 8,
            "lightningCone": 360,
            "lightningLengthRand": 13,
            "lightningLength": 25,
            "collidesAir": true
        }
    },  
	"requirements": [
		{ "item": "jupiteium", "amount": 680 },
		{ "item": "lead", "amount": 1000 },
		{ "item": "silicon", "amount": 890 },
		{ "item": "osmium", "amount": 770 },
		{ "item": "titanium", "amount": 860 },
		{ "item": "omega-blue", "amount": 870 }
	],
	"category": "turret",
	"research": "b-flux"
}
