{
	"type": "ItemTurret",
	"localizedName": "Apec",
	"details": "Slice and dice or home and explode",
	"description": "[green]A.p.e.c atomic partical energizer cannon it super chargers atoms with gamma radiation and then uses magnetic forces to fire it out in to a energy pulse that Breaks in to orbs that corrode the enemy",
	"size": 8,
	"health": 8660,
	"range": 580,
	"reloadTime" : 210,
	"inaccuracy": 2,
	"shots" : 1,
	
	"targetAir" : false, 
	"targetGround" : true,
	"shootCone" : 1,
	"spread" : 2,
	"heatColor": "82FF93FF",
	"recoilAmount" : 6,
	"restitution" : 0.08, 
	"rotateSpeed": 1.0,
	"shootShake" : 10,

	"shootSound": "matter",
	"chargeSound": "grinding",
	"chargeTime" : 80,
	"chargeMaxDelay" : 10,
	"chargeEffects" : 5,
	"chargeEffect" : "greenLaserChargeSmall",
	"chargeBeginEffect" : "healWave",

	"ammoTypes": {
        "gamma-green": {
		"type" : "BasicBulletType",
		"sprite" : "exogenesis-pulse",
		"damage": 1000,	
		"absorbable": true,
		"splashDamage" : 200,
		"splashDamageRadius" : 96,	
		"height" : 46,
		"width" : 46,
	        "hitShake" : 10,
		"hitSize": 35,
		"speed": 6,
		"lifetime" : 800,
		"shrinkX": 1.5,
		"shrinkY": 0,
		"hitEffect" : "healWave",
		"despawnEffect": "healWave",
		"shootEffect": "hitMeltHeal",
		"pierce": true,
		"frontColor": "82FF93FF",
		"backColor": "DBFFBDFF",
		"fragBullets": 4,
		"fragBullet": {
			"type": "MissileBulletType",
			"sprite" : "exogenesis-orb",
			"status" : "corroded",
			"height" : 15,
			"width" : 15,
			"shrinkX": 1,
			"shrinkY": 1,
			"lifetime": 120,
		        "homingPower": 5,
		        "homingRange": 180,
			"damage" : 200,
			"splashDamage" : 100,
			"splashDamageRadius" : 32,	
		        "trailColor": "DBFFBDFF",
			"hitEffect" : "healWave",
			"despawnEffect": "healWave",
			"frontColor": "82FF93FF",
			"backColor": "DBFFBDFF"
		    }
		},
        "plastanium": {
		"type" : "BasicBulletType",
		"sprite" : "exogenesis-pulse",
		"damage": 880,	
		"absorbable": true,
		"splashDamage" : 200,
		"splashDamageRadius" : 260,	
		"height" : 50,
		"width" : 50,
	        "hitShake" : 10,
		"speed": 4,
		"hitSize": 40,
		"lifetime" : 1800,
		"homingPower": 1,
		"homingRange": 398,
		"shrinkX": 1.5,
		"shrinkY": 0,
		"hitEffect" : "healWave",
		"despawnEffect": "healWave",
		"shootEffect": "hitMeltHeal",
		"pierce": false,
		"frontColor": "CEFF73FF",
		"backColor": "80BC43FF",
		"fragBullets": 10,
		"fragBullet": {
			"type": "MissileBulletType",
			"sprite" : "exogenesis-orb",
			"status" : "corroded",
			"height" : 15,
			"width" : 15,
			"shrinkX": 1,
			"shrinkY": 1,
			"lifetime": 120,
		        "homingPower": 5,
		        "homingRange": 180,
			"damage" : 300,
			"splashDamage" : 100,
			"splashDamageRadius" : 32,	
		        "trailColor": "80BC43FF",
			"hitEffect" : "healWave",
			"despawnEffect": "healWave",
			"frontColor": "CEFF73FF",
			"backColor": "80BC43FF"
		    }
		}
	},
	"requirements": [
		{ "item": "lead", "amount": 1250 },
		{ "item": "osmium", "amount": 400},
		{ "item": "xanium", "amount": 600},
		{ "item": "silicon", "amount": 700},
		{ "item": "plastanium", "amount": 400},
		{ "item": "gamma-green", "amount": 650}
	],
	"category": "turret",
	"research": "g-quarker"
}
