{
	"type": "ItemTurret",
	"localizedName": "Horde",
	"description": "[green]I Like to see them survive this!",
	"health": 1200,
	"size": 3,
	"reloadTime": 5,
	"range": 265,
	"recoilAmount": 2,
	"shootShake": 4,
	"ammoUseEffect": "none",
	"inaccuracy": 10,
	"shots": 7,
	"burstSpacing": 4,
	"spread": 5,
	"xRand": 5,
	"rotateSpeed": 6,
	"shootSound": "missile",
        "ammoTypes": {  
		"blast-compound": {
		    "type": "MissileBulletType",
			"speed": 3,
			"damage": 28,
			"width": 4,
			"height": 12,
			"hitEffect": "pulverize",
			"shootEffect": "blastExplosion",
			"smokeEffect": "blastExplosion",
			"lifetime": 200,
			"pierce": false,
			"hitSize": 4,
			"homingPower": 2,
			"homingRange": 250,
			"weaveScale": 8,
                        "weaveMag": 2,
			"incendAmount": 8,
			"incendSpread": 4,
			"incendChance": 1
		},

        "plastanium": {
		    "type": "MissileBulletType",
			"speed": 5,
			"damage": 30,
			"width": 4,
			"height": 12,
			"shootEffect": "shootBig",
			"smokeEffect": "pulverizeRed",
			"hitEffect": "shockwave",
			"despawnEffect": "shockwave",
			"pierce": false,
			"lifetime": 200,
			"homingPower": 2,
			"homingRange": 250,
			"frontColor": "9CB664FF",
                        "backColor": "EDF2A8FF",
                        "trailColor": "9CB664FF",
			"weaveScale": 8,			
			"weaveMag": 2,
			"splashDamageRadius": 80,
			"splashDamage": 10
		},
		
		"surge-alloy": {
		    "type": "MissileBulletType",
			"speed": 5,
			"damage": 20,
			"width": 4,
			"height": 12,
			"shootEffect": "shootBig",
			"smokeEffect": "lightningShoot",
			"pierce": false,
			"hitEffect": "none",
			"lifetime": 200,
			"homingPower": 2,
			"homingRange": 250,
			"frontColor": "F3E979FF",
                        "backColor": "ECD36FFF",
                        "trailColor": "ECD36FFF",
			"weaveScale": 8,			
			"weaveMag": 2,
			"splashDamageRadius": 40,
			"splashDamage": 4,			
			"hitSound": "energyExplosion",
                        "lightning": 7,
                        "lightningDamage": 6,
                        "lightningLength": 10,
                        "lightningCone": 360,
                        "lightningLengthRand": 11
		    	}
	},
	"requirements": [
		{ "item": "graphite", "amount": 350 },
		{ "item": "silicon", "amount": 490 },
		{ "item": "titanium", "amount": 500 },
		{ "item": "plastanium", "amount": 400 }
	],
	"category": "turret",
	"research": "swarmer"
}
