 {
	"type": "ItemTurret",
	"description": "[red]A massive laser cannon that super chargers its ammunition to the point of fusion and then realses it in the form of a devastating laser",
	"localizedName": "Aftershock",
	 "details": "Melt your foes",
	"size": 8,
	"health": 8660,
	"range": 410,
	"reloadTime" : 580,
	"inaccuracy": 2,
	"shots" : 1,
	"cooldown": "0.030",
	
	"targetAir" : false, 
	"targetGround" : true,
	"shootCone" : 38,
	"spread" : 6,
	
	"recoilAmount" : 4,
	"heatColor": "CB1D1DFF",
	"restitution" : 0.08, 
	"rotateSpeed": 1.0,
	"shootShake" : 6,

	"shootSound" : "red",
	"chargeTime" : 70,
	"chargeMaxDelay" : 10,
	"chargeEffects" : 10,
	"chargeBeginEffect": {
    "type": "ParticleEffect",
    "particles": 1,
    "sizeFrom": 10,
    "sizeTo": 1,
    "length": 0,
    "lifetime": 70,
    "colorFrom": "FF5845FF",
    "colorTo": "FFC1BBFF",
    "cone": 360
},
	"chargeEffect": {
    "type": "ParticleEffect",
    "line": true,
    "particles": 15,
    "lifetime": 30,
    "length": 45,
    "baseLength": -45,
    "cone": -360,
    "lenFrom": 20,
    "lenTo": 0,
    "colorFrom": "FF5845FF",
    "colorTo": "FFC1BBFF"
	},
	"ammoTypes": {
    "primal-red": {
	"type": "LaserBulletType",
	"hitEffect": "hitMeltdown",
	"despawnEffect": "none",
	"status": "melting",
	"statusDuration": 1000,
	"hitShake" : 1,
	"hitSize": 55,
    "width": 60,
	"lifetime": 30,
	"drawSize": 430,
	"collidesAir": true,
	"length": 410,
    "sideAngle": 90,
    "sideLength": 90,
    "sideWidth": 1,
	"damage": 1360,
	"lightning": 15,
        "lightningCone": 20,
        "lightningSpacing": 10,
        "lightningLength": 10,
        "lightningDelay": 0.5,
        "lightningLengthRand": 25,
        "lightningDamage": 100,
        "lightningAngleRand": 40,
        "largeHit": true,
        "lightColor": "FF5845FF",
        "lightningColor": "FF5845FF",
        "shootEffect": "massiveExplosion",
       "colors": ["DE4136FF", "FF5845FF", "FFC1BBFF"]
    },
    "surge-alloy": {
    "type": "LaserBulletType",
    "hitEffect": "hitMeltdown",
    "despawnEffect": "none",
    "status": "melting",
    "statusDuration": 1000,
    "hitShake" : 1,
    "hitSize": 55,
    "width": 60,
    "lifetime": 30,
    "drawSize": 430,
    "collidesAir": true,
    "length": 410,
    "sideAngle": 90,
    "sideLength": 90,
    "sideWidth": 1,
    "damage": 860,
    "lightning": 15,
    "lightningCone": 20,
    "lightningSpacing": 25,
    "lightningLength": 18,
    "lightningDelay": 1.1,
    "lightningLengthRand": 25,
    "lightningDamage": 50,
    "lightningAngleRand": 40,
    "largeHit": true,
    "lightColor": "FFF8AFFF",
    "lightningColor": "FFF8AFFF",
    "shootEffect": "shieldWave",
    "collidesTeam": true,
    "colors": ["ECD36FFF", "F3E979FF", "FFF8AFFF"]
    
           }
        },
	"requirements": [
		{ "item": "silicon", "amount": 720 },
		{ "item": "osmium", "amount": 480 },
		{ "item": "jupiteium", "amount": 290},
		{ "item": "titanium", "amount": 670 },
		{ "item": "surge-alloy", "amount": 670 },
		{ "item": "primal-red", "amount": 560 }
	],
	"category": "turret",
	"research": "r-blast"
    }
