{
    "localizedName": "Weld",
    "type": "ItemTurret",
    "description": "[orange]An upgraded fuse it shoost one extra blast and uses much powerful ammunition",
	"reloadTime": 35,
	"range": 200,
	"spread": 20,
	"restitution": 0.2,
	"shootCone": 20,
	"size": 5,
	"maxAmmo": "64",
	"health": 2650,
	"shootShake": 4,
	"shots": 4,
	"shootSound": "shotgun",
	"ammoPerShot": 4,
    "recoilAmount": 2,
	"ammoTypes": {
        "surge-alloy": {
            "speed": 0.01,
            "status": "shocked",	
	"statusDuration": "1200",
            "damage": 300,
            "width": 18,
            "pierce": "true",
            "type": "ShrapnelBulletType",
            "lifetime": 18,
            "length": 200,
            "serrations": 8,
            "fromColor": "FF8E38FF",
            "toColor": "D99F6BFF",
            "shootEffect": "explosion",
            "hitEffect": "bigShockwave",
            "ammoMultiplier": 5,
            "lightning": 4,
            "lightningDamage": 10,
            "lightningLength": 13,
            "lightningCone": 20,
            "lightningLengthRand": 13
        },
        "thorium": {
            "speed": 0.01,
            "damage": 250,
	"status": "burning",
	"statusDuration": "1200",
            "width": 18,
            "pierce": "true",
            "type": "ShrapnelBulletType",
            "lifetime": 18,
            "length": 200,
            "serrations": 8,
            "fromColor": "F9A3C7FF",
            "toColor": "CB8EBFFF",
            "ammoMultiplier": 4,
            "shootEffect": "thoriumShoot",
            "hitEffect": "thoriumShoot"
            
            }
        },
	"requirements": [
		{ "item": "titanium", "amount": 300},
		{ "item": "plastanium", "amount": 250},
		{ "item": "osmium", "amount": 150},
		{ "item": "thorium", "amount": 200}
	],
	"category": "turret",
	"research": "fuse"
}
