{
	"type": "ItemTurret",
	"localizedName": "Devastator",
	"researchCostMultiplier": 0.3,
	"description": "[purple] Like the havoc the devastator can launch powerful mines that can cause devastation in groups of ground units and single units",
	"health": 300,
	"size": 3,
	"reloadTime": 60,
	"range": 460,
	"targetGround": "true",
	"targetAir": "false",
	"recoilAmount": 3,
	"shootShake": 4,
	"shootEffect": "none",
	"ammoUseEffect": "none",
	"inaccuracy": 0,
	"shootCone": 5,
	"rotateSpeed": 1,
	"shootSound": "boom",
	"ammoTypes": {
		"spore-pod": {
            "type": "FlakBulletType",
            "explodeRange" : 60,
            "status": "sapped",
            "collidesGround" : true,
            "damage": 0,
            "speed": 4,
            "lifetime": 80,
            "splashDamage": 50,
            "splashDamageRadius": 43,
            "knockback": 2,
            "height": 25,
            "width": 10,
            "trailChance" : 0.8,
            "trailColor": "8A73C6FF",
            "frontColor": "BF92F9FF",
            "backColor": "8A73C6FF",
            "hitEffect": "blockExplosion",
            "shootEffect": "shootBig",
            "smokeEffect": "shootBigSmoke2",
            "fragBullets": 4,
            "fragBullet": {
                "type": "FlakBulletType",
                "explodeRange" : 20,
                "collidesGround" : true,
                "collidesAir" : false,
                "damage": 0,
                "splashDamage": 60,
                "splashDamageRadius": 60,
                "sprite" : "exogenesis-mine",
                "status": "sapped",
                "makeFire" : true,
                "frontColor": "BF92F9FF",
                "backColor": "8A73C6FF",
                "spin": 0.2,
                "height": 10,
                "width": 10,
                "lifetime": 2500,
                "shrinkX": 0.2,
                "shrinkY": 0.2,
                "speed": 3,
                "drag" : 0.04
            }
		},
		"blast-compound": {
            "type": "FlakBulletType",
            "explodeRange" : 60,
            "status": "blasted",
            "collidesGround" : true,
            "damage": 0,
            "speed": 4,
            "lifetime": 80,
            "splashDamage": 66,
            "splashDamageRadius": 63,
            "knockback": 2,
            "height": 25,
            "width": 10,
            "trailChance" : 0.8,
            "trailColor": "C85C51FF",
            "frontColor": "E66F57FF",
            "backColor": "C85C51FF",
            "hitEffect": "blastExplosion",
            "shootEffect": "shootBig",
            "smokeEffect": "shootBigSmoke2",
            "fragBullets": 5,
            "fragBullet": {
                "type": "FlakBulletType",
                "explodeRange" : 20,
                "collidesGround" : true,
                "collidesAir" : false,
                "damage": 0,
                "splashDamage": 75,
                "splashDamageRadius": 87,
                "sprite" : "exogenesis-mine",
                "status": "blasted",
                "makeFire" : true,
                "frontColor": "E66F57FF",
                "backColor": "C85C51FF",
                "spin": 0.2,
                "height": 10,
                "width": 10,
                "lifetime": 2500,
                "shrinkX": 0.2,
                "shrinkY": 0.2,
                "speed": 3,
                "drag" : 0.04
            }
		},
		"thorium": {
            "type": "FlakBulletType",
            "explodeRange" : 60,
            "collidesGround" : true,
            "damage": 0,
            "speed": 4,
            "lifetime": 80,
            "splashDamage": 96,
            "splashDamageRadius": 78,
            "knockback": 2,
            "height": 25,
            "width": 10,
            "trailChance" : 0.8,
            "trailColor": "CB8EBFFF",
			"frontColor": "F9A3C7FF",
			"backColor": "CB8EBFFF",
            "hitEffect": "flakExplosionBig",
            "shootEffect": "shootBig",
            "smokeEffect": "shootBigSmoke2",
            "fragBullets": 6,
            "fragBullet": {
                "type": "FlakBulletType",
                "explodeRange" : 20,
                "collidesGround" : true,
                "collidesAir" : false,
                "damage": 0,
                "splashDamage": 67,
                "splashDamageRadius": 130,
                "sprite" : "exogenesis-mine",
				"frontColor": "F9A3C7FF",
				"backColor": "CB8EBFFF",
                "spin": 0.2,
                "height": 10,
                "width": 10,
                "lifetime": 2500,
                "shrinkX": 0.2,
                "shrinkY": 0.2,
                "speed": 3,
                "drag" : 0.04,
                "fragBullets": 6,
			    "fragBullet": {
				"damage": 40,
				"speed": 4,
				"width": 10,
				"height": 12,
				"status": "slow",
			     "statusDuration": "720",
				"lifetime": 50,
				"frontColor": "F9A3C7FF",
				"backColor": "CB8EBFFF"
			}
		}
		}
	},
	"requirements": [
		{ "item": "titanium", "amount": 200 },
		{ "item": "osmium", "amount": 300 },
		{ "item": "graphite", "amount": 450 },
		{ "item": "silicon", "amount": 540 },
		{ "item": "metaglass", "amount": 430 }
	],
	"category": "turret",
	"research": "p-havoc"

}
