{
    "type": "ItemTurret",
    "localizedName": "Eradicator",
    "details": "Ha! you and what army?",
    "description": "[purple]A large and powerful mortar like turret that shoots gaint explosive bullets that can eradicate groups of enemies it is unable to target air units",
    "health": 2500,
    "targetAir": false,
    "buildVisibility": "shown",
    "size": 8,
    "reloadTime": 56,
    "coolantMultiplier": 0.3,
    "restitution" : 0.08, 
    "range": 520,
    "recoilAmount": 7,
    "shootShake": 6,
    "ammoUseEffect": "none",
    "inaccuracy": 0,
    "shots": 1,
    "spread": 0,
    "rotateSpeed": 1.4,
    "shootSound": "explosionbig",
	"ammoTypes": {
        "jupiteium": {
            "speed": 2.4,
            "type":"ArtilleryBulletType",
            "sprite": "shell",
            "lifetime": 800,
            "damage": 540,
            "splashDamage" : 200,
            "splashDamageRadius" : 360,	
            "collides": true,
            "collidesAir": false,
            "collidesTiles": true,
            "statusDuration": 400,
            "status": "blasted",
            "width": 25,
            "height": 28,
	    "frontColor": "C28590FF",
            "backColor": "A16570FF",
            "trailColor": "A16570FF",
            "shootEffect": "flakExplosionBig",
            "smokeEffect": "blastsmoke",
            "hitEffect": "flakExplosionBig",
            "knockback": 0,
            "pierce": false,
            "hitSize": 16
        },
        "plastanium": {
            "speed": 2.6,
            "type":"ArtilleryBulletType",
            "sprite": "shell",
            "lifetime": 800,
            "damage": 340,
            "homingRange": 288,
            "collides": true,
            "collidesAir": false,
            "collidesTiles": true,
            "statusDuration": 400,
            "status": "corroded",
            "width": 25,
            "height": 28,
            "frontColor": "9CB664FF",
            "backColor": "EDF2A8FF",
            "trailColor": "9CB664FF",
            "trailChance": 800,
            "shootEffect": "plasticExplosionFlak",
            "smokeEffect": "blastsmoke",
            "hitEffect": "plasticExplosionFlak",
            "knockback": 0,
            "pierce": false,
            "hitSize": 16,
		       "fragBullets": 4,
		       "fragBullet": {
			"type": "BasicBulletType",
			"sprite" : "large-bomb",
			"status" : "melting",
			"height" : 15,
			"width" : 15,
			"shrinkX": 0,
			"shrinkY": 0,
			"spin" : 8,
			"lifetime": 120,
			"speed": 1.5,
			"damage" : 50,
			"splashDamage" : 180,
			"splashDamageRadius" : 500,	
			"hitEffect" : "plasticExplosionFlak",
			"despawnEffect": "plasticExplosionFlak",
			"frontColor": "9CB664FF",
                        "backColor": "EDF2A8FF"
		       }
            },
        "azuid-azide": {
            "speed": 2.3,
            "type":"ArtilleryBulletType",
            "sprite": "shell",
            "lifetime": 800,
            "damage": 640,
            "splashDamage" : 340,
            "splashDamageRadius" : 460,	
            "collides": true,
            "collidesAir": false,
            "collidesTiles": true,
            "statusDuration": 400,
            "status": "blasted",
            "width": 25,
            "height": 28,
	    "frontColor": "E69B2BFF",
            "backColor": "FBCC56FF",
            "trailColor": "FBCC56FF",
            "shootEffect": "massiveExplosion",
            "smokeEffect": "blastsmoke",
            "hitEffect": "massiveExplosion",
            "knockback": 0,
            "pierce": false,
			"incendAmount": 500,
			"incendSpread": 10,
			"incendChance": 8,
                        "hitSize": 16
        },
         "quantux": {
            "speed": 2.3,
            "type":"ArtilleryBulletType",
            "sprite": "shell",
            "lifetime": 800,
            "damage": 740,
            "splashDamage" : 340,
            "splashDamageRadius" : 660,	
	    "homingPower": 0.10,
            "homingRange": 128,
            "collides": true,
            "collidesAir": false,
            "collidesTiles": true,
            "width": 25,
            "height": 28,
	    "frontColor": "BF92F9FF",
            "backColor": "8A73C6FF",
            "trailColor": "8A73C6FF",
            "shootEffect": "sapExplosion",
            "smokeEffect": "blastsmoke",
            "hitEffect": "sapExplosion",
            "knockback": 0,
            "pierce": false,
            "hitSize": 16
            }
    },
    "requirements": [
                { "item": "titanium", "amount": 980 },
                { "item": "thorium", "amount": 660 },
		{ "item": "plastanium", "amount": 590 },
		{ "item": "osmium", "amount": 850 },
		{ "item": "silicon", "amount": 1000 },
		{ "item": "quantux", "amount": 830 }
    ],
    "category": "turret",
    "research": "p-obliterator"
}
