{
	"type": "ItemTurret",
	"localizedName": "Havoc",
	"researchCostMultiplier": 0.2,
        "details": "the idea for this turret line originally came from heavy armaments mod",
	"description": "[purple] A small but powerful mine launching turret that can cause havoc to large groups of ground units and single units",
	"health": 200,
	"size": 2,
	"reloadTime": 50,
	"range": 370,
	"targetGround": "true",
	"targetAir": "false",
	"recoilAmount": 2,
	"shootShake": 3,
	"shootEffect": "none",
	"ammoUseEffect": "none",
	"inaccuracy": 0,
	"shootCone": 5,
	"rotateSpeed": 1,
	"shootSound": "boom",
	"ammoTypes": {
		"spore-pod": {
            "type": "FlakBulletType",
            "explodeRange" : 60,
            "status": "sapped",
            "collidesGround" : true,
            "damage": 0,
            "speed": 4,
            "lifetime": 60,
            "splashDamage": 40,
            "splashDamageRadius": 38,
            "knockback": 1,
            "height": 15,
            "width": 5,
            "trailChance" : 0.8,
            "trailColor": "8A73C6FF",
            "frontColor": "BF92F9FF",
            "backColor": "8A73C6FF",
            "hitEffect": "blockExplosion",
            "shootEffect": "shootBig",
            "smokeEffect": "shootBigSmoke2",
            "fragBullets": 3,
            "fragBullet": {
                "type": "FlakBulletType",
                "explodeRange" : 15,
                "collidesGround" : true,
                "collidesAir" : false,
                "damage": 0,
                "splashDamage": 30,
                "splashDamageRadius": 60,
                "sprite" : "exogenesis-mine",
                "status": "sapped",
                "makeFire" : true,
                "frontColor": "BF92F9FF",
                "backColor": "8A73C6FF",
                "spin": 0.2,
                "height": 10,
                "width": 10,
                "lifetime": 2500,
                "shrinkX": 0.2,
                "shrinkY": 0.2,
                "speed": 3,
                "drag" : 0.04
            }
		},

		"blast-compound": {
            "type": "FlakBulletType",
            "explodeRange" : 60,
            "status": "blasted",
            "collidesGround" : true,
            "damage": 0,
            "speed": 4,
            "lifetime": 60,
            "splashDamage": 56,
            "splashDamageRadius": 58,
            "knockback": 1,
            "height": 15,
            "width": 5,
            "trailChance" : 0.8,
            "trailColor": "C85C51FF",
            "frontColor": "E66F57FF",
            "backColor": "C85C51FF",
            "hitEffect": "blastExplosion",
            "shootEffect": "shootBig",
            "smokeEffect": "shootBigSmoke2",
            "fragBullets": 4,
            "fragBullet": {
                "type": "FlakBulletType",
                "explodeRange" : 15,
                "collidesGround" : true,
                "collidesAir" : false,
                "damage": 0,
                "splashDamage": 40,
                "splashDamageRadius": 80,
                "sprite" : "exogenesis-mine",
                "status": "blasted",
                "makeFire" : true,
                "frontColor": "E66F57FF",
                "backColor": "C85C51FF",
                "spin": 0.2,
                "height": 10,
                "width": 10,
                "lifetime": 2500,
                "shrinkX": 0.2,
                "shrinkY": 0.2,
                "speed": 3,
                "drag" : 0.04
            }
		},
		"metaglass": {
            "type": "FlakBulletType",
            "explodeRange" : 60,
            "collidesGround" : true,
            "damage": 0,
            "speed": 4,
            "lifetime": 60,
            "splashDamage": 46,
            "splashDamageRadius": 88,
            "knockback": 1,
            "height": 15,
            "width": 5,
            "trailChance" : 0.8,
            "trailColor": "EBEEF5FF",
			"frontColor": "D0D0E0FF",
			"backColor": "EBEEF5FF",
            "hitEffect": "flakExplosion",
            "shootEffect": "shootBig",
            "smokeEffect": "shootBigSmoke2",
            "fragBullets": 5,
            "fragBullet": {
                "type": "FlakBulletType",
                "explodeRange" : 15,
                "collidesGround" : true,
                "collidesAir" : false,
                "damage": 0,
                "splashDamage": 50,
                "splashDamageRadius": 110,
                "sprite" : "exogenesis-mine",
				"frontColor": "D0D0E0FF",
				"backColor": "EBEEF5FF",
                "spin": 0.2,
                "height": 10,
                "width": 10,
                "lifetime": 2500,
                "shrinkX": 0.2,
                "shrinkY": 0.2,
                "speed": 3,
                "drag" : 0.04,
                "fragBullets": 20,
			    "fragBullet": {
				"damage": 40,
				"speed": 4,
				"width": 10,
				"height": 12,
				"lifetime": 50,
				"frontColor": "D0D0E0FF",
				"backColor": "EBEEF5FF"
		
			}
		}
		}

	},
	"requirements": [
		{ "item": "titanium", "amount": 200 },
		{ "item": "lead", "amount": 300 },
		{ "item": "graphite", "amount": 450 },
		{ "item": "silicon", "amount": 490 }
	],
	"category": "turret",
	"research": "duo"
}
