{
	"type": "ItemTurret",
	"localizedName": "Obliterator",
	"description": "[purple] Like the devastator the obliterator can shoot mines that can quite literally obliterate ground units",
	"health": 400,
	"size": 4,
	"targetGround": "true",
	"targetAir": "false",
	"reloadTime": 70,
	"range": 500,
	"shootEffect": "none",
	"recoilAmount": 4,
	"shootShake": 5,
	"ammoUseEffect": "none",
	"inaccuracy": 0,
	"shootCone": 5,
	"rotateSpeed": 1,
	"shootSound": "boom",
	"ammoTypes": {
		"blast-compound": {
            "type": "FlakBulletType",
            "explodeRange" : 60,
            "status": "blasted",
            "collidesGround" : true,
            "damage": 0,
            "speed": 4,
            "lifetime": 100,
            "splashDamage": 76,
            "splashDamageRadius": 775,
            "knockback": 3,
            "height": 35,
            "width": 10,
            "trailChance" : 0.8,
            "trailColor": "C85C51FF",
            "frontColor": "E66F57FF",
            "backColor": "C85C51FF",
            "hitEffect": "blastExplosion",
            "shootEffect": "shootBig",
            "smokeEffect": "shootBigSmoke2",
            "fragBullets": 6,
            "fragBullet": {
                "type": "FlakBulletType",
                "explodeRange" : 26,
                "collidesGround" : true,
                "collidesAir" : false,
                "damage": 0,
                "splashDamage": 95,
                "splashDamageRadius": 87,
                "sprite" : "exogenesis-mine",
                "status": "blasted",
                "makeFire" : true,
                "frontColor": "E66F57FF",
                "backColor": "C85C51FF",
                "spin": 0.2,
                "height": 10,
                "width": 10,
                "lifetime": 2500,
                "shrinkX": 0.2,
                "shrinkY": 0.2,
                "speed": 3,
                "drag" : 0.04
            }
		},
		"surge-alloy": {
            "type": "FlakBulletType",
            "explodeRange" : 60,
            "collidesGround" : true,
            "damage": 0,
            "speed": 4,
            "lifetime": 100,
            "splashDamage": 76,
            "splashDamageRadius": 88,
            "knockback": 3,
            "height": 35,
            "width": 10,
            "trailChance" : 0.8,
            "trailColor": "F3E979FF",
            "frontColor": "F3E979FF",
            "backColor": "F3E979FF",
            "hitEffect": "flakExplosionBig",
            "shootEffect": "shootBig",
            "smokeEffect": "shootBigSmoke2",
            "fragBullets": 7,
            "fragBullet": {
                "type": "FlakBulletType",
                "explodeRange" : 26,
                "collidesGround" : true,
                "collidesAir" : false,
                "damage": 0,
                "splashDamage": 67,
                "splashDamageRadius": 145,
                "lightning": 5,
                "lightningDamage": 25,
                "lightningCone": 360,
                "lightningLengthRand": 3,
                "lightningLength": 15,
                "sprite" : "exogenesis-mine",
                "frontColor": "F3E979FF",
                "backColor": "F3E979FF",
                "spin": 0.2,
                "height": 10,
                "width": 10,
                "lifetime": 2500,
                "shrinkX": 0.2,
                "shrinkY": 0.2,
                "speed": 3,
                "drag" : 0.04
			    }
		},
		"azuid-azide": {
            "type": "FlakBulletType",
            "explodeRange" : 60,
            "collidesGround" : true,
            "damage": 0,
            "speed": 4,
            "lifetime": 100,
            "splashDamage": 86,
            "splashDamageRadius": 108,
            "knockback": 3,
            "height": 35,
            "width": 10,
            "trailChance" : 0.8,
            "trailColor": "E69B2BFF",
			"frontColor": "FBCC56FF",
			"backColor": "E69B2BFF",
            "hitEffect": "massiveExplosion",
            "shootEffect": "shootBig",
            "smokeEffect": "shootBigSmoke2",
            "fragBullets": 8,
            "fragBullet": {
                "type": "FlakBulletType",
                "explodeRange" : 26,
                "collidesGround" : true,
                "collidesAir" : false,
                "damage": 0,
                "splashDamage": 167,
                "splashDamageRadius": 145,
                "sprite" : "exogenesis-mine",
				"frontColor": "FBCC56FF",
				"backColor": "E69B2BFF",
                "spin": 0.2,
                "height": 10,
                "width": 10,
                "lifetime": 2500,
                "shrinkX": 0.2,
                "shrinkY": 0.2,
                "speed": 3,
                "drag" : 0.04
			}
		}
	
	},
	"requirements": [
		{ "item": "titanium", "amount": 250 },
        { "item": "thorium", "amount": 560 },
		{ "item": "plastanium", "amount": 300 },
		{ "item": "osmium", "amount": 450 },
		{ "item": "silicon", "amount": 540 },
		{ "item": "metaglass", "amount": 430 }
	],
	"category": "turret",
	"research": "p-devastator"
}