 {
	"type": "ItemTurret",
	"description": "[red] a laser turret that super heats its ammo to produce powerful laser blasts",
	"localizedName": "Shockwave",
	"size": 4,
	"health": 1600,
	"range": 200,
	"reloadTime" : 80,
	"shots" : 1,
	"cooldown": "0.030",
	
	"targetAir" : true, 
	"targetGround" : true,
	"shootCone" : 38,
	
	"recoilAmount" : 2,
	"heatColor": "CB1D1DFF",
	"restitution" : 0.08, 
	"rotateSpeed": 4.0,
	"shootShake" : 1,

	"shootSound" : "plasmaboom",
	"chargeTime" : 30,
	"chargeMaxDelay" : 10,
	"chargeEffects" : 2,
	"chargeBeginEffect": {
    "type": "ParticleEffect",
    "particles": 1,
    "sizeFrom": 3,
    "sizeTo": 1,
    "length": 0,
    "lifetime": 30,
    "colorFrom": "FF5845FF",
    "colorTo": "FFC1BBFF",
    "cone": 360
},
	"chargeEffect": {
    "type": "ParticleEffect",
    "line": true,
    "particles": 15,
    "lifetime": 30,
    "length": 35,
    "baseLength": -35,
    "cone": -360,
    "lenFrom": 10,
    "lenTo": 0,
    "colorFrom": "FF5845FF",
    "colorTo": "FFC1BBFF"
	},
	"ammoTypes": {
    "blast-compound": {
	"type": "LaserBulletType",
	"hitEffect": "hitMeltdown",
	"despawnEffect": "none",
	"status": "melting",
	"statusDuration": 100,
	"hitShake" : 1,
	"hitSize": 8,
    "width": 20,
	"lifetime": 30,
	"collidesAir": true,
	"length": 210,
    "sideAngle": 90,
    "sideLength": 20,
    "sideWidth": 1,
	"damage": 160,
    "lightning": 10,
    "lightningCone": 20,
    "lightningSpacing": 25,
    "lightningLength": 8,
    "lightningDelay": 1.1,
    "lightningLengthRand": 5,
    "lightningDamage": 7,
    "lightningAngleRand": 8,
        "lightColor": "FF5845FF",
        "lightningColor": "FF5845FF",
        "shootEffect": "blastExplosion",
       "colors": ["DE4136FF", "FF5845FF", "FFC1BBFF"]
    },
    "thorium": {
    "type": "LaserBulletType",
    "hitEffect": "hitMeltdown",
    "despawnEffect": "none",
    "status": "melting",
    "statusDuration": 100,
    "hitShake" : 1,
    "hitSize": 8,
    "width": 20,
    "lifetime": 30,
    "collidesAir": true,
    "length": 210,
    "sideAngle": 90,
    "sideLength": 20,
    "sideWidth": 1,
    "damage": 200,
    "lightning": 10,
    "lightningCone": 20,
    "lightningSpacing": 25,
    "lightningLength": 8,
    "lightningDelay": 1.1,
    "lightningLengthRand": 5,
    "lightningDamage": 18,
    "lightningAngleRand": 8,
    "lightColor": "F9A3C7FF",
    "lightningColor": "F9A3C7FF",
    "shootEffect": "thoriumShoot",
    "colors": ["CB8EBFFF", "F9A3C7FF", "FFE0EDFF"]
    
           }
        },
	"requirements": [
		{ "item": "copper", "amount": 360 },
		{ "item": "thorium", "amount": 497 },
		{ "item": "surge-alloy", "amount": 234 },
		{ "item": "titanium", "amount": 163 },
		{ "item": "silicon", "amount": 260 }
	],
	"category": "turret",
	"research": "lancer"
    }
