{
	"type": "ItemTurret",
    "description": "[white]Equalize the battle field with this massive turret it shoots a different projectile depending on its ammo, it needs a lot of power to fire and it take a large amount a resource to build this weapon was created to fight off power units",
	"localizedName": "Equilibrium",
	"details": "Equalize the battlefield",
	"size": 14,
	"health": 143600,
	"range": 800,
	"reloadTime" : 380,
	"inaccuracy": 0,
	"shots" : 1,
	
	"targetAir" : true, 
	"targetGround" : true,
	"shootCone" : 1,
	"spread" : 2,
	
	"recoilAmount" : 7,
	"restitution" : 0.08, 
	"rotateSpeed": 0.96,
	"shootShake" : 20,
	"shootSound" : "plasmaboom",

	"ammoTypes": {
        "gamma-green": {
		"type" : "BasicBulletType",
		"sprite" : "exogenesis-slice",
		"damage": 6400,	
                "hitSound": "laser",
                "lightRadius": 150,
		"splashDamage" : 800,
		"splashDamageRadius" : 400,	
	        "hitShake" : 25,
		"height" : 100,
		"width" : 100,			
		"speed": 8,
		"spin": -4,
		"hitSize": 60,
		"lifetime" : 600,
		"shrinkX": 0.5,
		"shrinkY": 0.5,
		"hitEffect" : "healWave",
		"despawnEffect": "greenBomb",
		"shootEffect": "greenLaserCharge",
		"pierce": true,
		"frontColor": "82FF93FF",
		"backColor": "DBFFBDFF",
                "statusDuration": 1300,
                "status": {
              "localizedName": "Gamma Burn",
              "description": "gamma energy is melting you",
              "name": "gamma-burn",
              "damage": 1.8,
              "effect": "hitMeltHeal",
              "permanent": false,
              "color": "F3E979FF",
              "effectChance": 1		     
                    
                }
        },
        "alpha-yellow": {
            "type":"BasicBulletType",
            "speed": 40,
            "damage": 8600,
            "frontColor": "F3E979FF",
            "backColor": "D99F6BFF",
            "width": 45,
            "height": 50,
            "drag": 0.001,
            "hitSound": "bigshellbullet",
            "shootEffect": "massiveExplosion",
            "smokeEffect": "shieldWave",
            "hitEffect": "impactShockwave",
            "knockback": 40,
            "hitShake": 20,
            "ammoMultiplier": 1,
            "pierceBuilding": true,
            "buildingDamageMultiplier": 0.68,
            "pierceCap": 20,
            "pierce": true,
            "lightning": 10,
            "lightningDamage": 100,
            "lightningCone": 360,
            "lightningLengthRand": 13,
            "lightningLength": 18,
            "collidesAir": true,
            "statusDuration": 1300,
            "status": {
              "localizedName": "Armor Break",
              "description": "Your armor has been broken",
              "name": "armor-break",
              "damage": 0,
              "effect": "blastsmoke",
              "permanent": true,
              "color": "F3E979FF",
              "effectChance": 0.0001,
              "speedMultiplier": 0.7
           }
        },
        "quantux": {
            "type": "basicBulletType",
            "damage": 3000,
            "lightRadius": 150,            
            "width": 52,
            "height": 66,
            "hitSize": 50,
            "sprite": "exogenesis-spear",
            "pierce": false,
            "reflectable": false,
            "absorbable": true,
            "speed": 8,
            "lifetime": 580,
            "frontColor": "665C9FFF",
            "backColor": "000000FF",
            "despawnEffect": "sapExplosion",
            "shootEffect": "sapExplosion",
            "statusDuration": 1300,
            "status": {
              "localizedName": "Quantux Slowdown",
              "name": "quantux-slowdown",
              "damage": 0,
              "effect": "sapped",
              "permanent": true,
              "color": "665C9FFF",
              "effectChance": 0.0001,
              "reloadMultiplier": 0.7
           },
		"fragBullets": 15,
		"fragBullet": {
			"type": "MissileBulletType",
			"sprite" : "exogenesis-spear",
            "homingPower": 0.0995,
            "homingRange": 580,
            "homingDelay": 55,
			"status" : "corroded",
			"height" : 25,
			"width" : 25,
			"shrinkX": 1,
			"shrinkY": 1,
			"lifetime": 380,
			"speed": 5.5,
			"pierce": true,
			"damage" : 1000,
		    "trailColor": "665C9FFF",
			"hitEffect" : "sapExplosion",
			"despawnEffect": "sapExplosion",
			"frontColor": "665C9FFF",
			"backColor": "000000FF"
		    }
        },
        "primal-red": {
	       "type": "LaserBulletType",
	       "hitEffect": "hitMeltdown",
	       "hitSize": 68,
           "width": 70,
	       "lifetime": 30,
	       "drawSize": 430,
	       "collidesAir": true,
	       "length": 1000,
           "sideAngle": 90,
           "sideLength": 90,
           "sideWidth": 1,
           "statusDuration": 1300,
	       "damage": 4960,
	       "lightning": 2,
           "lightningCone": 20,
           "lightningSpacing": 18,
           "lightningLength": 10,
           "lightningDelay": 0.5,
           "lightningLengthRand": 40,
           "lightningDamage": 400,
           "lightningAngleRand": 40,
           "largeHit": true,
           "lightColor": "FF4040FF",
           "lightningColor": "FF4040FF",
           "shootEffect": "massiveExplosion",
           "colors": ["CB1D1DFF", "FF4040FF", "a17dcd"],
           "status": {
              "localizedName": "Blazing",
              "description": "The heat is to much",
              "name": "blazing",
              "damage": 1,
              "effect": "burning",
              "permanent": false,
              "color": "FF4040FF",
              "effectChance": 0.001,
              "speedMultiplier": 0.7
           }
        },
      "omega-blue": {
      "type": "basicBulletType",
      "lifetime": 370,
      "damage": 5820,
      "hitSize": 46,
      "width": 55,
      "height": 55,
      "lightRadius": 140,
      "spin": 15,
      "despawnEffect": "bigShockwave",
      "shootEffect": "sparkShoot",
      "hitEffect": "sparkShoot",
      "trailEffect": "bigShockwave",
      "trailChance": 2,
      "speed": 6,
      "shrinkX": 0,
      "shrinkY": 0,
      "hitSound": "shotgun",
      "frontColor": "79F2EEFF",
      "backColor": "FFFFFF",
      "hittable": false,
      "reflectable": false,
      "absorbable": true,
      "sprite": "exogenesis-plasma",
      "homingPower": 0.1205,
      "homingRange": 380,
      "homingDelay": 55,
      "fragBullets": 15,
      "fragBullet": {
                "type": "laserBulletType",
                "damage": 1000,
                "sideAngle": 20,
                "sideWidth": 1.5,
                "sideLength": 80,
                "width": 18,
                "colors":["6A97D9FF", "79F2EEFF", "FFFFFF"],
                "length": 280,
                "statusDuration": 1300,
                "status": {
              "localizedName": "Omni Blasted",
              "description": "You have been hit with potent energy",
              "name": "omni-blast",
              "effect": "lightningCharge",
              "permanent": false,
              "color": "79F2EEFF",
              "effectChance": 0.001,
              "damageMultiplier": 0.7
                }
		     }
         }
	},
	"requirements": [
		{ "item": "surge-alloy", "amount": 2750 },
		{ "item": "xanium", "amount": 2900 },
		{ "item": "silicon", "amount": 4100},
		{ "item": "alpha-yellow", "amount": 1200},
		{ "item": "omega-blue", "amount": 1200 },
		{ "item": "primal-red", "amount": 1200 },
		{ "item": "gamma-green", "amount": 1200},
		{ "item": "quantux", "amount": 12000},
		{ "item": "titanium", "amount": 5000},
		{ "item": "osmium", "amount": 4300}
	],
	"category": "turret",
	"research": "foreshadow"
}
