{
    "type": "itemTurret",
    "researchCostMultiplier": 0.3,
    "description": "An upgrade to the comet it can hurl more materials now",
    "localizedName": "Orbit",
    "size": 4,
    "health": 480,
    "reloadTime": 180,
    "range": 260,
    "shots": 1,
    "targetAir": false,
    "targetGround": true,
    "shootCone": 2,
    "spread": 1,
    "recoilAmount": 2,
    "restitution": 0.04,
    "rotateSpeed": 1,
    "shootSound": "lasershoot",
    
	"chargeTime": 65,
	"chargeMaxDelay": 38,
	"chargeEffects": 5,
	"chargeEffect": "lancerLaserCharge",
	"chargeBeginEffect": "lancerLaserChargeBegin",
	
    "ammoTypes": {
        "graphite": {
        "type": "artilleryBulletType",
        "sprite": "exogenesis-plasma",
        "speed": 3,
        "lifetime": 280,
        "damage": 65,
        "height": 18,
        "width": 18,
        "hitEffect": "producesmoke",
        "despawnEffect": "producesmoke",
        "trailChance": 1,
        "collides": true,
        "collidesAir": false,
        "collidesTiles": true,
        "homingRange": 200,
        "homingPower": 0.0567,
        "splashDamageRadius": 54,
        "splashDamage": 26,
        "trailColor": "95ABD9FF",
        "frontColor": "6B77A1FF",
        "backColor": "95ABD9FF"
        },
        "silicon": {
        "type": "artilleryBulletType",
        "sprite": "exogenesis-plasma",
        "speed": 3.4,
        "lifetime": 290,
        "damage": 73,
        "height": 18,
        "width": 18,
        "hitEffect": "lancerLaserChargeBegin",
        "despawnEffect": "lancerLaserChargeBegin",
        "trailChance": 1,
        "collides": true,
        "collidesAir": false,
        "collidesTiles": true,
        "homingRange": 200,
        "homingPower": 0.0667,
        "splashDamageRadius": 64,
        "splashDamage": 37,
        "trailColor": "767A84FF",
        "frontColor": "8E9097FF",
        "backColor": "767A84FF"
        },
        "metaglass": {
        "type": "artilleryBulletType",
        "sprite": "exogenesis-plasma",
        "speed": 3.2,
        "lifetime": 280,
        "damage": 88,
        "height": 18,
        "width": 18,
        "hitEffect": "flakExplosion",
        "despawnEffect": "flakExplosion",
        "trailChance": 1,
        "collides": true,
        "collidesAir": false,
        "collidesTiles": true,
        "homingRange": 200,
        "homingPower": 0.0367,
        "trailColor": "EBEEF5FF",
        "frontColor": "D0D0E0FF",
        "backColor": "EBEEF5FF",
	"fragBullets": 18,
	"fragBullet": {
				"type": "BasicBulletType",
				"lifetime": 120,
				"speed": 1,
				"damage" : 74,
				"frontColor": "D0D0E0FF",
				"backColor": "EBEEF5FF"
			}
        },
        "osmium": {
        "type": "artilleryBulletType",
        "sprite": "exogenesis-plasma",
        "speed": 2.7,
        "lifetime": 280,
        "damage": 227,
        "knockback": 3,
        "height": 18,
        "width": 18,
        "hitEffect": "shockwave",
        "despawnEffect": "shockwave",
        "trailChance": 1,
        "collides": true,
        "collidesAir": false,
        "collidesTiles": true,
        "splashDamage": 80,
        "splashDamageRadius": 30,
        "homingRange": 80,
        "homingPower": 0.0467,
        "trailColor": "C9DDE3FF",
        "frontColor": "E2F5FBFF",
        "backColor": "C9DDE3FF"
        }
    },
    "requirements": [
		{ "item": "copper", "amount": 360 },
		{ "item": "lead", "amount": 497 },
		{ "item": "osmium", "amount": 234 },
		{ "item": "graphite", "amount": 163 },
		{ "item": "silicon", "amount": 260 }
    ],
    "category": "turret",
    "research": "w-comet"
}
