{
    "type": "ItemTurret",
    "localizedName": "Callisto",
    "description": "[yellow]A cannon like turret turret that has large range and can fire large and forceful bullets",
    "health": 1600,
    "size": 4,
    "reloadTime": 44,
    "cooldown": 0.030,
    "range": 335,
    "recoilAmount": 3,
    "shootShake": 2,
    "ammoUseEffect": "casing3",
    "inaccuracy": 0,
    "shots": 1,
    "spread": 0,
    "rotateSpeed": 3,
    "shootSound": "bang",
	"ammoTypes": {
          "blast-compound": {
            "status": "blasted",
	        "statusDuration": "50",
            "reflectable": false,
            "speed": 7,
            "width": 15,
            "height": 20,
            "lifetime": 70,
            "damage": 57,
            "splashDamage": 45,
            "splashDamageRadius": 16,
            "knockback": 1.8,
            "hitSize": 8,
            "frontColor": "E66F57FF",
            "backColor": "C85C51FF",
            "shootEffect": "shootPyraFlame",
            "hitEffect": "blastExplosion"
          },
        "thorium": {
            "speed": 7,
            "type":"BasicBulletType",
            "damage": 80,
            "lifetime": 70,
            "width": 15,
            "height": 20,
            "reflectable": false,
            "shootEffect": "shootPyraFlame",
            "smokeEffect": "none",
            "hitEffect": "flakExplosion",
            "knockback": 3,
            "ammoMultiplier": 3,
            "pierce": false,
            "hitSize": 8
        },
        "surge-alloy": {
            "type":"BasicBulletType",
            "speed": 7,
            "lifetime": 70,
            "damage": 116,
            "width": 15,
            "height": 20,
            "reflectable": false,
            "shootEffect": "shootPyraFlame",
            "smokeEffect": "none",
            "hitEffect": "flakExplosion",
            "knockback": 4,
            "hitShake": 3,
            "ammoMultiplier": 1,
            "pierceBuilding": true,
            "pierceCap": 2,
            "pierce": false,
            "lightning": 10,
            "lightningDamage": 10,
            "lightningCone": 360,
            "lightningLengthRand": 3,
            "lightningLength": 8,
            "collidesAir": true
            }
    },
    "requirements": [
		{ "item": "lead", "amount": 460 },
		{ "item": "jupiteium", "amount": 297 },
		{ "item": "surge-alloy", "amount": 384 },
		{ "item": "osmium", "amount": 263 },
		{ "item": "silicon", "amount": 260 }
    ],
    "category": "turret",
    "research": "ripple"

}
