{
    "localizedName": "Pulsar",
    "description": "[yellow]A shotgun turret that can shot either burning, freezing or electrical bullets and has a lot of knock back but it cannot target air units", 
	"type": "ItemTurret",
	"size": 3,
	"health": 1500,
	"reloadTime": 50,
	"range": 170,
	"maxAmmo": 180,
	"inaccuracy": 5,
	"shots" : 25,

	"targetAir" : false, 
	"targetGround" : true,
	"shootCone" : 0.01,
	"spread" : 0.5,
	"recoilAmount" : 16,
	"restitution" : 0.6, 
	"rotateSpeed": 4,
	"shootSound" : "shotgun",
	"xRand" : 1,
	"ammoPerShot" : 3,

	"ammoTypes": {
		"titanium": {
			"type" : "BasicBulletType",
			"status" : "freezing",
			"statusDuration": "1200",
			"damage": 21,
			"speed" : 5,
			"splashDamage" : 12,
			"splashDamageRadius" : 38,
			"knockback" : 15,
			"height" : 30,
			"width" : 10,
			"pierce": false,
			"frontColor":"79F2EEFF" ,
			"backColor": "74C2E8FF",
			"hitEffect": "hitLancer",
			"shootEffect": "producesmoke",
			"smokeEffect": "hitBulletBig",
			"fragBullets": 5,
			"fragBullet": {
				"type": "LiquidBulletType",
				"liquid": "cryofluid",
				"status" : "corroded",
				"lifetime": 120,
				"speed": 1,
				"damage" : 4
			}
		},
			"blast-compound": {
			"type" : "BasicBulletType",
			"status" : "blasted",			
			"damage": 40,	
			"speed": 5,				
			"splashDamage" : 15,
			"splashDamageRadius" : 28,							
			"statusDuration": "1200",
			"height" : 25,
			"width" : 10,
			"pierce": false,
			"frontColor": "D99F6BFF",
			"backColor": "C85C51FF",
			"hitEffect": "explosion",
			"shootEffect": "shootBig2",
			"smokeEffect": "hitBulletBig",
			"fragBullets": 4,
			"fragBullet": {
				"type": "LiquidBulletType",
				"liquid": "slag",
				"status": "melting",
				"lifetime": 120,
				"speed": 1,
				"damage" : 10
			}
		},
		"surge-alloy": {
			"type" : "BasicBulletType",
			"status" : "shocked",			
			"damage": 32,	
			"speed": 6,				
			"splashDamage" : 15,
			"splashDamageRadius" : 28,							
			"statusDuration": "1200",
			"height" : 25,
			"width" : 10,
			"pierce": false,
			"frontColor": "D99F6BFF",
			"backColor": "F3E979FF",
			"hitEffect": "shockwave",
			"shootEffect": "shootBig2",
			"smokeEffect": "hitBulletBig",
                        "lightning": 4,
                        "lightningDamage": 10,
                        "lightningCone": 360,
                        "lightningLengthRand": 13,
                        "lightningColor": "D99F6BFF",
                        "lightningLength": 10,
                        "collidesAir": false
		}
	},
	"requirements": [
		{ "item": "metaglass", "amount": 300 },
		{ "item": "silicon", "amount": 350 },
		{ "item": "thorium", "amount": 240},
		{ "item": "plastanium", "amount": 150},
		{ "item": "osmium", "amount": 525}
	],
	"category": "turret",
	"research": "fuse"
}
