{	
    "localizedName": "Atomic kiln",
	"description": "Disassembles materials at the atomic level and reassembles them in to omega metal",
	"type": "GenericSmelter",
	"size": 3,
	"hasPower": true,
	"hasLiquids": false,
	"hasItems": true,
	"itemCapacity": 30,
	"craftTime": 150,
	"flameColor": "79F2EEFF",
	"craftEffect": "lightningShoot",
	"updateEffect": "none",
	"consumes": {
		"power": 2,
		"items": {
			"items": [
				{"item": "titanium", "amount": 8},
				{"item": "osmium", "amount": 12},
				{"item": "surge-alloy", "amount": 5}
			]
		}
	},
	"requirements": [
		{"item": "silicon", "amount": 160},
		{"item": "titanium", "amount": 160},
		{"item": "thorium", "amount": 140},
		{"item": "plastanium", "amount": 160},
		{"item": "graphite", "amount": 140}
	],
	"category": "crafting",
	"research": "alloy-smelter",
	"outputItem": {
		"item": "omega-blue",
		"amount": 5
	}
}
