{
    "localizedName": "Arcturus",
    "research": "proxima",
    "description": "[red] The arcturus is a heavily armored and powerful unit it is the boss unit of the solrans it is slow at turning due to its armor but it is equipped with nuclear fusion guns that can deal lots of damage at close ranged and can light enemies ablaze it also has 4 heavy gunners that assist it in combat and one impact they explode in small fusions explosions",
    "details": "It came from a distant world",
    "singleTarget": true,
	"lightRadius": 350,
    "type": "mech",
	"speed": 0.31,
	"hitSize": 82,
	"health": 3897600,
	"canDrown": false,
    "mechFrontSway": 1.6,
    "mechSideSway": 0.8,
    "commandLimit": 6,
    "mechStepParticles": true,
    "mechStepShake": 4,
	"armor": 124,
	"drag": 0.2,
	"range": 350,
	"maxRange": 350,
	"flying": false,
	"targetAir": true,
	"rotateSpeed": 0.5,
	"immunities": [
		"burning", 
		"wet",
		"unmoving",
		"blasted",
		"disarmed",
		"melting",
		"slow"
	],
	"weapons": [
	 {
 "name": "redG",
    "reload": 20,
    "shotDelay": 7,
    "shots": 2,
    "mirror": true,
    "x": 12,
    "y": -12,
    "shootY": 5,
    "recoil": 1.5,
    "shake": 1,
    "rotate": true,
    "shootSound": "shootBig",
    "rotateSpeed": 2,
    "shootCone": 45,
    "bullet": { 
            "type": "flakBulletType",
            "collidesGround": true,
            "collidesAir": true,
            "collidesTiles": true,
            "speed": 4.6,
            "damage": 218,
            "lightning": 7,
            "lightningDamage": 60,
            "lightningLength": 10,
            "lightningColor": "FF5845FF",
            "status": "blasted",
            "splashDamage": 82,
            "splashDamageRadius": 35,
            "shootEffect": "shootBig",
            "hitEffect": "blastExplosion",
            "despawnEffect": "blastExplosion",
            "width":8,
            "height": 15,
            "lifetime": 48,
            "knockback": 2,
	        "frontColor": "FF5845FF",
            "backColor": "DE4136FF"
	       }
	    },
     {
 "name": "redG",
    "reload": 20,
    "shotDelay": 9,
    "shots": 2,
    "mirror": true,
    "x": 31,
    "y": 0,
    "shootY": 5,
    "recoil": 1.5,
    "shake": 1,
    "rotate": true,
    "shootSound": "shootBig",
    "rotateSpeed": 2,
    "shootCone": 45,
    "bullet": { 
            "type": "flakBulletType",
            "collidesGround": true,
            "collidesAir": true,
            "collidesTiles": true,
            "speed": 4.6,
            "damage": 218,
            "lightning": 7,
            "lightningDamage": 60,
            "lightningLength": 10,
            "lightningColor": "FF5845FF",
            "status": "blasted",
            "splashDamage": 82,
            "splashDamageRadius": 35,
            "shootEffect": "shootBig",
            "hitEffect": "blastExplosion",
            "despawnEffect": "blastExplosion",
            "width":8,
            "height": 15,
            "lifetime": 48,
            "knockback": 2,
	        "frontColor": "FF5845FF",
            "backColor": "DE4136FF"
	       }
	    },
     {
 "name": "arcturus-blastgun",
    "reload": 65,
    "alternate": true,
    "top": false,
    "spacing": 8,
    "shots": 3,
    "mirror": true,
    "heatColor": "FF5845FF",
    "cooldownTime": 0.030,
    "x": 50,
    "y": -4,
    "shootY": 26,
    "recoil": 3.5,
    "shake": 2,
    "rotate": false,
    "shootSound": "plasmaboom",
    "shootCone": 45,
    "bullet": { 
            "damage": 2365,
            "width": 35,
            "pierce": "true",
            "type": "ShrapnelBulletType",
            "statusDuration": 90,
            "status": "melting",
            "lifetime": 19,
            "length": 380,
            "serrations": 7,
            "fromColor": "FF5845FF",
            "toColor": "DE4136FF",
            "shootEffect": {
            "type": "WaveEffect",
            "lifetime": 35,
            "sizeFrom": 0,
            "sizeTo": 45,
            "strokeFrom": 4,
            "strokeTo": 0,
            "colorFrom": "FF5845FF",
            "colorTo": "DE4136FF"
           },
            "hitEffect": {
            "type": "ParticleEffect",
            "line": true,
            "particles": 5,
            "lifetime": 30,
            "length": 35,
            "cone": -360,
            "lenFrom": 20,
            "lenTo": 0,
            "colorFrom": "FFC1BBFF",
            "colorTo": "FF5845FF"
            },
            "incendChance": 140,
            "incendSpread": 18,
            "incendAmount": 4
          }
            }
    ]
}
