{
    "localizedName": "Sagittarius-A",
    "description": "[blue] The sagittarius is massive catapult unit that has high damage capabilities and it is the boss unit of the genesux the unit itself is a massive energy cannon that can fire out 3 energy homing spheres that can pierce through a few enemies dealing high damage it is equipped with 2 laser cannons that can fire devastating lasers although they cannot rotate it is also equipped with 4 artillery gunners for close ranged attack it also has a large and durable shield",
    "research": "b-rigel",
    "details": "Show them what the power of a far away star can do",
    "singleTarget": true,
	"groundLayer": 75,
	"lightRadius": 350,
    "type": "legs",
	"speed": 0.26,
	"hitSize": 84,
	"health": 1397600,
	"armor": 74,
	"drag": 0.2,
	"range": 480,
	"maxRange": 480,
	"flying": false,
	"targetAir": true,
	"rotateSpeed": 1.2,
	"flipBackLegs": true,
	"legGroupSize": 4,
	"legPairOffset": 4,
	"legCount": 8,
    "legMoveSpace": 0.8,
    "legLength": 57.8,
    "legBaseOffset": 21,
    "legTrns": 1,
    "landShake": 3.4,
    "legSpeed": 0.17,
    "rippleScale": 4.5,
    "legSplashDamage": 186,
    "legSplashRange": 40,
	"visualElevation": 2,
	"allowLegStep": true,
	"hovering": true,
	"immunities": [
		"burning", 
		"wet",
		"freezing",
		"unmoving",
		"blasted",
		"disarmed",
		"melting",
		"slow"
	],
	"weapons": [
	 {
            "name": "catapult",
            "shootCone": 15,
            "mirror": true,
            "alternate": false,
            "shots": 1,
            "inaccuracy": 0,
            "x": 27,
            "y": -32,
            "reload": 105,
            "recoil": 3,
            "shootY": 23,
            "rotateSpeed": 1.6,
            "shootSound": "laserblast",
            "firstShotDelay": 19,
            "bullet": {
              "type": "LaserBulletType",
              "length": 400,
              "width": 25,
              "damage": 2880,
	          "lightning": 1,
              "lightningCone": 20,
              "lightningSpacing": 18,
              "lightningLength": 10,
              "lightningDelay": 0.5,
              "lightningLengthRand": 6,
              "lightningDamage": 100,
              "lightningAngleRand": 40,
              "lightColor": "79F2EEFF",
              "lightningColor": "79F2EEFF",
              "status": "shocked",
              "statusDuration": 100,
              "hitColor": "79F2EEFF",
              "shootEffect": "bigShockwave",
              "hitEffect": "lightningShoot",
              "colors":["74C2E8FF", "79F2EEFF", "FFFFFF"],
              "sideAngle": 25,
              "sideLength": 32,
              "sideWidth": 1
                      }
	 },
	 {
 "name": "blueART",
    "reload": 10,
    "shotDelay": 7,
    "shots": 2,
    "inaccuracy": 8,
    "mirror": true,
    "x": 12,
    "y": 6,
    "shootY": 7,
    "recoil": 1.5,
    "shake": 1,
    "rotate": true,
    "shootSound": "shootBig",
    "rotateSpeed": 2,
    "shootCone": 45,
    "bullet": { 
            "type": "flakBulletType",
            "collidesGround": true,
            "collidesAir": true,
            "collidesTiles": true,
            "speed": 5,
            "damage": 278,
            "status": "shocked",
            "splashDamage": 42,
            "splashDamageRadius": 45,
            "shootEffect": "shootBig",
            "hitEffect": "flakExplosion",
            "despawnEffect": "flakExplosion",
            "width":6,
            "height": 10,
            "lifetime": 68,
            "knockback": 1,
            "backColor": "79F2EEFF",
            "frontColor": "FFFFFF"
	       }
	    },
     {
 "name": "blueART",
    "reload": 10,
    "shotDelay": 11,
    "shots": 2,
    "inaccuracy": 8,
    "mirror": true,
    "x": 47,
    "y": -6,
    "shootY": 7,
    "recoil": 1.5,
    "shake": 1,
    "rotate": true,
    "shootSound": "shootBig",
    "rotateSpeed": 2,
    "shootCone": 45,
    "bullet": { 
            "type": "flakBulletType",
            "collidesGround": true,
            "collidesAir": true,
            "collidesTiles": true,
            "speed": 5,
            "damage": 278,
            "status": "shocked",
            "splashDamage": 42,
            "splashDamageRadius": 45,
            "shootEffect": "shootBig",
            "hitEffect": "flakExplosion",
            "despawnEffect": "flakExplosion",
            "width":6,
            "height": 10,
            "lifetime": 68,
            "knockback": 1,
            "backColor": "79F2EEFF",
            "frontColor": "FFFFFF"
	    }
     },
{
 "name": "b-rigel-weapon",
  "x": 0,
  "y": 2,
  "shootY": 5,
  "ejectEffect": "none",
  "shotDelay": 8,
  "mirror": false,
  "shots": 3,
  "reload": 485,
  "recoil": 3,
  "shake": 4,
  "shootCone": 20,
  "shootSound": "corexplode",
           "bullet": { 
             "type": "basicBulletType",
             "sprite": "exogenesis-plasma",
             "hitEffect": "nuclearShockwave",
             "hitColor": "79F2EEFF",
             "despawnEffect": "nuclearShockwave",
             "lightning": 16,
             "lightningDamage": 300,
             "lightningLength": 18,
             "lightningColor": "79F2EEFF",
             "lightColor": "D7FFFEFF",
             "absorbable": false,
             "pierce": true,
             "pierceCap": 5,
             "lifetime": 200,
             "damage": 4780,
             "drag": -0.001,
             "status": "slow",
             "shrinkX": 0,
             "shrinkY": 0,
             "statusDuration": 100,
             "homingRange": 270,
             "homingDelay": 40,
             "homingPower": 0.0545,
             "speed": 5.8,
             "width": 28,
             "height": 28,
             "backColor": "79F2EEFF",
             "frontColor": "FFFFFF",
    "shootEffect": {
    "type": "multiEffect",
    "lifetime": 35,
    "effects": [
    {
    "type": "WaveEffect",
    "lifetime": 35,
    "rotation": 2.5,
    "sides": 0,
    "sizeFrom": 0,
    "sizeTo": 80,
    "strokeFrom": 4,
    "strokeTo": 0,
    "colorFrom": "79F2EEFF",
    "colorTo": "FFFFFF"
    },
    {
  "type": "ParticleEffect",
        "particles": 65,
        "sizeFrom": 5,
        "sizeTo": 0,
        "length": 60,
        "lifetime": 35,
        "colorFrom": "79F2EEFF",
        "colorTo": "FFFFFF",
        "cone": 30
    },
    {
    "type": "WaveEffect",
    "lifetime": 35,
    "rotation": 2.5,
    "sides": 0,
    "sizeFrom": 0,
    "sizeTo": 100,
    "strokeFrom": 4,
    "strokeTo": 0,
    "colorFrom": "79F2EEFF",
    "colorTo": "FFFFFF"
          }
        ]
      }
    }
  }
     ],
    "abilities": [
        {
            "type": "mindustry.entities.abilities.ForceFieldAbility",
            "radius": 150,
            "regen": 8,
            "max": 28000,
            "cooldown": 460
            }
        ]
}
