{
        "localizedName": "War",
        "description": "The war is flying assault battle ship that was made to attack units and it is the boss unit of the elecians it is equipped with an extremely power main attack which is when it fire out a saw blade of energy that will cut through multiple enemy units it has 4 small energy beam guns at the front that are mainly used for close ranged battle it has 2 war head launchers that fire 3 rockets that break appears in to missiles on impact and lastly it has a long ranged cannon that can hurl bolts of energy at high speeds at enemies",
        "details": "War is coming",
        "research": "g-transcendence",
        "lightRadius": 250,
        "speed": 0.6,
        "accel": 0.02,
        "drag": 0.018,
        
        "drawShields": false,
        "rotateSpeed": 1.6,
        "range": 380,
        "maxRange": 380,
        "crashDamageMultiplier": "12",
        "flying": true,
        "health": 1784000,
        "hitSize": 160,
        "armor": 87,
        "engineOffset": 57,
        
        "engineSize": 9.8,
        "lowAltitude": true,
        "targetAir": true,
        "commandLimit": 11,
	"immunities": [
		"burning", 
		"wet",
		"freezing",
		"unmoving",
		"blasted",
		"disarmed",
		"melting",
		"slow"
        ],
	    "weapons": [
	   {
   "name": "energyG",
    "top": true,
    "mirror": true,
    "y": 17,
    "x": 18,
    "rotate": true,
    "rotateSpeed": 3.8,
    "shots": 1,
    "shootCone": 18,
    "reload": 98,
    "recoil": 1,
    "shake": 0,
    "ejectEffect": "casing2",
    "shootSound": "beam",
    "continuous": true,
    "bullet": { 
    "type": "ContinuousLaserBulletType",
    "damage": 190,
    "length": 200,
    "width": 1,
    "hitEffect": "none",
    "drawSize": 200,
    "lifetime": 200,
    "shake": 1,
    "despawnEffect": "smokeCloud",
    "smokeEffect": "smokeCloud",
    "colors":["ECD36FFF", "F3E979FF", "FFFFFF"],
    "shootEffect": "shieldWave"
			 }
	      },
			{
   "name": "energyG",
    "top": true,
    "mirror": true,
    "y": 12,
    "x": 32,
    "rotate": true,
    "rotateSpeed": 3.8,
    "shots": 1,
    "shootCone": 18,
    "reload": 98,
    "recoil": 1,
    "shake": 0,
    "ejectEffect": "casing2",
    "shootSound": "beam",
    "continuous": true,
    "bullet": { 
    "type": "ContinuousLaserBulletType",
    "damage": 190,
    "length": 200,
    "width": 1,
    "hitEffect": "none",
    "drawSize": 200,
    "lifetime": 200,
    "shake": 1,
    "despawnEffect": "smokeCloud",
    "smokeEffect": "smokeCloud",
    "colors":["ECD36FFF", "F3E979FF", "FFFFFF"],
    "shootEffect": "shieldWave"
			 }
	      },
			{
  "name": "hurl-RC",
    "shootCone": 25,
    "rotate": true,
    "alternate": false,
    "mirror": false,
    "top": true,
    "x": 0,
    "y": -27,
    "reload": 298,
    "recoil": 5,
    "shots": 1,
    "shotDelay": 1,
    "rotateSpeed": 1.3,
    "shootSound": "artillery",
    "bullet": {
    "buildingDamageMultiplier": -0.05,
    "absorbable": false,
    "type": "BasicBulletType",
    "hitSound": "explosionbig",
    "trailEffect": "railHit",
    "shootEffect": "bigShockwave",
    "hitEffect": "impactShockwave",
    "damage": 8580,
    "pierce": true,
    "pierceCap": 5,
    "speed": 28,
	"frontColor": "F3E979FF",
    "backColor": "ECD36FFF",
    "trailColor": "ECD36FFF",
    "lifetime": 110,
    "height": 34,
    "width": 8,
	"splashDamageRadius": 30,
	"splashDamage": 100,			
    "lightning": 5,
    "lightningDamage": 14,
    "lightningLength": 10,
    "lightningCone": 360,
    "lightningLengthRand": 8
    }
  },
  {
    "name": "warhead-launcher",
    "mirror": true,
    "alternate": true,
    "x": 27,
    "y": -27,
    "shootY": 2,
    "rotateSpeed": 2,
    "reload": 95,
    "recoil": 4,
    "inaccuracy": 6,
    "shotDelay": 3,
    "shots": 3,
    "shootSound": "explosion",
    "rotate": true,
    "bullet": {
    "keepVelocity": false,
    "buildingDamageMultiplier": -0.30,
    "type": "MissileBulletType",
    "sprite": "exogenesis-warhead",
    "shootEffect": "explosion",
    "despawnEffect": "explosion",
    "hitEffect": "massiveExplosion",
    "damage": 895,
    "speed": 7,
	"frontColor": "F3E979FF",
    "backColor": "ECD36FFF",
    "trailColor": "ECD36FFF",
    "lifetime": 110,
  	"homingPower": 4,
	"homingRange": 300,
	"weaveScale": 0,			
	"weaveMag": 0,
    "height": 26,
    "width": 18,
	"splashDamageRadius": 60,
	"splashDamage": 360,			
    "lightning": 5,
    "lightningDamage": 204,
    "lightningLength": 10,
    "lightningCone": 360,
    "lightningLengthRand": 8,
    "fragBullets": 8,
	"fragBullet": {
	    
    "buildingDamageMultiplier": -0.10,
    "type": "MissileBulletType",
    "hitEffect": "explosion",
    "despawnEffect": "explosion",
    "damage": 165,
    "speed": 6,
	"frontColor": "F3E979FF",
    "backColor": "ECD36FFF",
    "trailColor": "ECD36FFF",
    "lifetime": 110,
  	"homingPower": 1,
  	"homingDelay": 26,
	"homingRange": 100,
	"weaveScale": 0,			
	"weaveMag": 0,
    "height": 8,
    "width": 8,
    "lightning": 1,
    "lightningDamage": 140,
    "lightningLength": 10,
    "lightningCone": 360,
    "lightningLengthRand": 8
	    
    }
    }
  },
  {
"name": "h-war-weapon",
  "x": 0,
  "y": 0,
  "mirror": false,
  "top": false,
  "shake": 4,
  "shootY": 57,
  "reload": 1800,
  "recoil": 6,
  "soundPitchMin": 0.95,
  "soundPitchMax": 2.05,
    "shootSound": "ascends",
    "bullet": {
    "type": "basicBulletType",
    "sprite": "exogenesis-slice",
    "buildingDamageMultiplier": -0.8,
    "shrinkX": "0",
    "shrinkY": "0",
      "lifetime": 290,
      "damage": 4820,
      "width": 50,
      "height": 50,
      "lightRadius": 200,
      "pierce": true,
      "pierceCap": 10,
      "spin": -25,
      "despawnEffect": "instBomb",
      "shootEffect": "shieldWave",
      "hitEffect": "instShoot",
      "trailEffect": "shieldWave",
      "trailChance": 2,
      "speed": 7.4,
      "drag": 0.002,
      "lightning": 4,
      "lightningDamage": 240,
      "lightningLength": 14,
      "lightningCone": 360,
      "lightningLengthRand": 20,
      "splashDamage": 300,
      "splashDamageRadius": 200,
      "hitSound": "shockBoom",
      "frontColor": "FFFFFF",
      "backColor": "F3E979FF",
      "hittable": false,
      "reflectable": false,
      "absorbable": false,
      "homingPower": 0.0825,
      "homingRange": 480,
      "homingDelay": 15,
            "fragBullets": 16,
			"fragBullet": {
                "type": "laserBulletType",
                "damage": 1160,
                "sideAngle": 20,
                "sideWidth": 1.5,
                "sideLength": 80,
                "width": 10,
                "colors":["ECD36FFF", "F3E979FF", "FFFFFF"],
                "length": 180
                     }
			      }
          }
    ],
    "abilities": [
        {
            "type": "mindustry.entities.abilities.ForceFieldAbility",
            "radius": 100,
            "regen": 9,
            "max": 5700,
            "cooldown": 310
            }
        ]
     }
