{
    "localizedName": "Matriarch",
    "description": "[acid] The matriarch is a massive battle ship and is the boss unit if the quantra this unit is there super weapon it is equipped with a massive gamma laser cannon that can cut through defenses it also has 2 heavy cannons that fire cluster bullets and it also possess 4 heavy gunners for more close ranged attacks it can also hold a large amount of items and can heal nearby units",
    "details": "It came to protect and destroy",
    "research": "6-apex",
    "type": "naval",
    "armor": 76,
    "commandLimit": 3,
    "targetAir": true,
    "lightRadius": 320,
    "lightOpacity": 0.8,
    "range": 560,
    "maxRange": 560,
    "hitSize": 170,
    "health": 2118200,
    "speed": 0.4,
    "accel": 0.5,
    "rotateSpeed": 0.3,
    "trailX": 37.0,
    "trailY": -104.0,
    "trailScl": 3.8,
    "trailLength": 120.0,
    "rotateShooting": false,
    "itemCapacity": 5000,
    "ammoCapacity": 3000,
    "ammoResupplyAmount": 30,
	"immunities": [
		"burning", 
		"wet",
		"freezing",
		"unmoving",
		"blasted",
		"disarmed",
		"melting",
		"slow"
	],
	"weapons": [
		{
   "name": "greenG",
    "top": true,
    "mirror": true,
    "y": 64,
    "x": 23,
    "rotate": true,
    "rotateSpeed": 2.8,
    "shootCone": 18,
    "inaccuracy": 6,
    "shotDelay": 2,
    "shots": 2,
    "reload": 18,
    "recoil": 1,
    "shake": 0,
    "ejectEffect": "casing2",
    "shootSound": "shootBig",
           "bullet": { 
            "type": "flakBulletType",
            "collidesGround": true,
            "collidesAir": true,
            "collidesTiles": true,
            "speed": 5,
            "damage": 280,
            "status": "corroded",
            "buildingDamageMultiplier": 0.7,
            "splashDamage": 82,
            "splashDamageRadius": 65,
            "shootEffect": "shootBig",
            "hitEffect": "flakExplosion",
            "despawnEffect": "shootBig",
            "width":8,
            "height": 15,
            "lifetime": 88,
            "knockback": 1,
            "backColor": "CEFF73FF",
            "frontColor": "CEFF73FF"
           }
			},
			{
   "name": "greenG",
    "top": true,
    "mirror": true,
    "y": 37,
    "x": 48,
    "rotate": true,
    "rotateSpeed": 2.8,
    "shots": 2,
    "shootCone": 18,
    "inaccuracy": 6,
    "shotDelay": 2,
    "reload": 18,
    "recoil": 1,
    "shake": 0,
    "ejectEffect": "casing2",
    "shootSound": "shootBig",
           "bullet": { 
            "type": "flakBulletType",
            "collidesGround": true,
            "collidesAir": true,
            "collidesTiles": true,
            "speed": 5,
            "damage": 280,
            "status": "corroded",
            "buildingDamageMultiplier": 0.7,
            "splashDamage": 82,
            "splashDamageRadius": 65,
            "shootEffect": "shootBig",
            "hitEffect": "flakExplosion",
            "despawnEffect": "shootBig",
            "width":8,
            "height": 15,
            "lifetime": 88,
            "knockback": 1,
            "backColor": "CEFF73FF",
            "frontColor": "CEFF73FF"
			 }
	      },
			{
  "name": "goliath-gamma-laser",
  "x": 0,
  "y": -42,
  "mirror": false,
  "top": true,
  "shake": 1,
  "reload": 680,
  "recoil": 5,
  "rotate": true,
  "shootY": 3,
  "rotateSpeed": 1.2,
  "chargeSound": "lasercharge2",
    "shootSound": "pulse",
    "continuous": true,
    "cooldownTime": 390,
    "bullet": {
    "type": "ContinuousLaserBulletType",
    "damage": 250,
    "buildingDamageMultiplier": 0.8,
    "length": 560,
    "width": 7,
     "hitEffect": {
    "type": "ParticleEffect",
    "line": true,
    "particles": 5,
    "lifetime": 30,
    "length": 35,
    "cone": -360,
    "lenFrom": 20,
    "lenTo": 0,
    "colorFrom": "FFFFFF",
    "colorTo": "CEFF73FF"
     },
    "drawSize": 300,
    "lifetime": 300,
    "shake": 1,
    "despawnEffect": "smokeCloud",
    "smokeEffect": "smokeCloud",
    "status": "corroded",
    "statusDuration": 100,
    "colors":["8AD44EFF", "CEFF73FF", "FFFFFF"],
    "shootEffect": "none"
           }
			},
			{
   "name": "jaeger-cannon",
    "top": true,
    "mirror": true,
    "alternate": true,
    "y": -5,
    "x": 55,
    "shots": 1,
    "rotate": true,
    "rotateSpeed": 1,
    "shootY": 7,
    "reload": 100,
    "recoil": 1,
    "shake": 2,
    "shootCone": 20,
    "ejectEffect": "casing2",
    "shootSound": "artillery",
           "bullet": { 
             "type": "basicBulletType",
             "sprite": "shell",
             "shootEffect": {
             "type": "ParticleEffect",
             "line": true,
             "particles": 5,
             "lifetime": 30,
             "length": 35,
             "cone": -360,
             "lenFrom": 20,
             "lenTo": 0,
             "colorFrom": "CEFF73FF",
             "colorTo": "CEFF73FF"
             },
             "hitEffect": {
             "type": "ParticleEffect",
             "line": true,
             "particles": 5,
             "lifetime": 30,
             "length": 35,
             "cone": -360,
             "lenFrom": 20,
             "lenTo": 0,
             "colorFrom": "CEFF73FF",
             "colorTo": "CEFF73FF"
             },
			"despawnEffect": {
            "type": "WaveEffect",
            "lifetime": 35,
            "sizeFrom": 0,
            "sizeTo": 45,
            "strokeFrom": 4,
            "strokeTo": 0,
            "colorFrom": "FFFFFF",
            "colorTo": "CEFF73FF"
           },
             "pierce": false,
             "pierceCap": 1,
             "pierceBuilding": true,
             "buildingDamageMultiplier": 0.42,
             "lifetime": 100,
             "damage": 500,
             "status": "corroded",
             "statusDuration": 100,
             "speed": 6.9,
             "width": 18,
             "height": 14,
             "trailColor": "CEFF73FF",
             "backColor": "CEFF73FF",
             "frontColor": "8AD44EFF",
             "fragBullets": 9,
			 "fragBullet": {
			"type": "BasicBulletType",
			"sprite" : "large-bomb",
			"status" : "melting",
			"collidesTiles": true,
            "collidesGround": true,
            "collidesAir": true,
			"height" : 15,
			"width" : 15,
			"shrinkX": 0,
			"shrinkY": 0,
			"spin" : 8,
			"lifetime": 30,
			"speed": 2.5,
			"damage" : 60,
			"splashDamage" : 200,
			"splashDamageRadius" : 92,	
			"frontColor": "FFFFFF",
			"backColor": "CEFF73FF",
			"hitEffect": {
            "type": "WaveEffect",
            "lifetime": 35,
            "sizeFrom": 0,
            "sizeTo": 45,
            "strokeFrom": 4,
            "strokeTo": 0,
            "colorFrom": "FFFFFF",
            "colorTo": "CEFF73FF"
			},
			"despawnEffect": {
            "type": "WaveEffect",
            "lifetime": 35,
            "sizeFrom": 0,
            "sizeTo": 45,
            "strokeFrom": 4,
            "strokeTo": 0,
            "colorFrom": "FFFFFF",
            "colorTo": "CEFF73FF"
           }
       }
	}
	}
     ],
    "abilities": [
 {
              "type": "mindustry.entities.abilities.RepairFieldAbility",
              "range": 340,
              "amount": 4800,
              "reload": 480
            }
        ]
}
