{
    "localizedName": "Primordial",
    "description": "[purple] The primordial is the boss unit of the purtuxians its there super weapon it is equipped with a powerful point gun for unit assault it has 2 massive laser cannons on the back that can fire 3 quantux energy laser blasts and it has 4laser mounts for close ranged damaged lastly it has an orb of pure quantux energy that is able to fire out large homing orbs of quantux energy that deal high damage",
    "research": "epoch",
    "details": "It was around long before the first star. note the idea for the orb was made by the creator of the exotic mod",
    "singleTarget": true,
	"lightRadius": 350,
	"groundLayer": 75,
    "type": "legs",
	"speed": 0.26,
	"hitSize": 114,
	"health": 1697600,
	"armor": 65,
	"drag": 0.2,
	"range": 640,
	"maxRange": 640,
	"flying": false,
	"targetAir": true,
	"rotateSpeed": 0.5,
	"flipBackLegs": true,
	"legGroupSize": 2,
	"legPairOffset": 3,
	"maxStretch": 80,
	"legExtension": -20,
	"legCount": 6,
    "legMoveSpace": 0.8,
    "legLength": 80,
    "legBaseOffset": 31,
    "legTrns": 1,
    "landShake": 3.4,
    "legSpeed": 0.17,
    "rippleScale": 4.5,
    "legSplashDamage": 226,
    "legSplashRange": 40,
	"visualElevation": 2,
	"allowLegStep": true,
	"hovering": true,
	"immunities": [
		"burning", 
		"wet",
		"freezing",
		"unmoving",
		"blasted",
		"disarmed",
		"melting",
		"slow"
	],
	"weapons": [
	 {
            "name": "energy-PG",
            "shootCone": 15,
            "mirror": true,
            "alternate": true,
            "shots": 3,
            "inaccuracy": 5,
            "x": 37,
            "y": -32,
            "reload": 285,
            "recoil": 3,
            "shootY": 23,
            "rotate": true,
            "rotateSpeed": 0.8,
            "shootSound": "laserblast",
            "shotDelay": 7,
            "bullet": {
              "type": "LaserBulletType",
              "length": 540,
              "width": 25,
              "damage": 1380,
	          "lightning": 1,
              "lightningCone": 20,
              "lightningSpacing": 28,
              "lightningLength": 10,
              "lightningDelay": 0.5,
              "lightningLengthRand": 6,
              "lightningDamage": 120,
              "lightningAngleRand": 40,
              "lightColor": "665C9FFF",
              "lightningColor": "665C9FFF",
              "status": "sapped",
              "statusDuration": 100,
              "hitColor": "665C9FFF",
              "shootEffect": "bigShockwave",
              "colors":["D5B5FFFF", "BF92F9FF", "000000FF"],
              "sideAngle": 25,
              "sideLength": 32,
              "sideWidth": 1
                      }
	 },
	 {
   "name": "Q-laser",
    "top": true,
    "mirror": true,
    "alternate": false,
    "y": 32,
    "x": 26,
    "rotate": true,
    "rotateSpeed": 2.8,
    "shots": 1,
    "shootCone": 18,
    "shootY": 13,
    "reload": 60,
    "recoil": 2,
    "shake": 2,
    "ejectEffect": "casing2",
    "shootSound": "laser",
			"bullet": {
              "type": "LaserBulletType",
              "length": 300,
              "width": 12,
              "damage": 460,
              "knockback": -2,
              "hitColor": "665C9FFF",
              "shootEffect": {
              "type": "WaveEffect",
              "lifetime": 35,
              "sizeFrom": 0,
              "sizeTo": 35,
              "strokeFrom": 4,
              "strokeTo": 0,
              "colorFrom": "665C9FFF",
              "colorTo": "BF92F9FF"
              },
              "status": "slow",
              "statusDuration": 100,
              "colors":["D5B5FFFF", "BF92F9FF", "000000FF"],
              "sideAngle": 25,
              "sideLength": 0,
              "sideWidth": 0
			 }
	      },
			{
   "name": "Q-laser",
    "top": true,
    "mirror": true,
    "alternate": false,
    "y": 10,
    "x": 46,
    "rotate": true,
    "rotateSpeed": 2.8,
    "shots": 1,
    "shootCone": 18,
    "shootY": 13,
    "reload": 62,
    "recoil": 2,
    "shake": 2,
    "ejectEffect": "casing2",
      "shootSound": "laser",
			"bullet": {
              "type": "LaserBulletType",
              "length": 300,
              "width": 12,
              "damage": 460,
              "knockback": -2,
              "hitColor": "665C9FFF",
              "shootEffect": {
              "type": "WaveEffect",
              "lifetime": 35,
              "sizeFrom": 0,
              "sizeTo": 35,
              "strokeFrom": 4,
              "strokeTo": 0,
              "colorFrom": "665C9FFF",
              "colorTo": "BF92F9FF"
              },
              "status": "slow",
              "statusDuration": 100,
              "colors":["D5B5FFFF", "BF92F9FF", "000000FF"],
              "sideAngle": 25,
              "sideLength": 0,
              "sideWidth": 0
			 }
	      },
			{
    "name": "RG-cannon",
    "shootCone": 15,
    "mirror": true,
    "alternate": false,
    "shots": 1,
    "inaccuracy": 0,
    "x": 0,
    "y": -56,
    "reload": 205,
    "recoil": 0.5,
    "shootY": 8,
    "rotate": true,
    "rotateSpeed": 0.6,
    "shootSound": "railgun",
    "bullet": {
	"type" : "pointBulletType",
	"damage": 5570,
	"speed": 170,
	"lightningColor": "665C9FFF",
	"lightning": 8,
	"lightningLength": 23,
	"lightningDamage": 200,
	"pierce": true,
	"trailSpacing": 20,
	"collidesAir": true,
	"collidesTiles" : false,
	"buildingDamageMultiplier": 0.4,
	"trailColor": "665C9FFF",
	"trailEffect": { 
    "type": "ParticleEffect",
    "particles": 1,
    "length": 0,
    "lifetime": 35,
    "sizeFrom": 20,
    "region": "exogenesis-wide",
    "colorFrom": "665C9FFF",
    "colorTo": "BF92F9FF"
	        },
	"despawnEffect": {
    "type": "WaveEffect",
    "lifetime": 35,
    "sizeFrom": 0,
    "sizeTo": 55,
    "strokeFrom": 4,
    "strokeTo": 0,
    "colorFrom": "665C9FFF",
    "colorTo": "BF92F9FF"
	        },
	"hitEffect": {
    "type": "WaveEffect",
    "lifetime": 35,
    "sizeFrom": 0,
    "sizeTo": 55,
    "strokeFrom": 4,
    "strokeTo": 0,
    "colorFrom": "665C9FFF",
    "colorTo": "BF92F9FF"
	      }
			 }
           },
			{
 "name": "p-primordial-orb",
  "x": 0,
  "y": 0,
  "shootY": 0,
  "rotate": true,
  "ejectEffect": "none",
  "mirror": false,
  "inaccuracy": 10,
  "shots": 6,
  "firstShotDelay": 22,
  "reload": 585,
  "recoil": 3,
  "shake": 4,
  "shootCone": 20,
  "shootSound": "laser",
           "bullet": { 
            "sprite": "exogenesis-plasma",
            "status": "melting",
            "damage": 1789,
            "weaveMag": 4,
            "weaveScale": 2,
            "splashDamage": 80,
            "splashDamageRadius": 116,
            "speed": 5,
            "width": 38,
            "trailChance": 1,
            "trailEffect": {
            "type": "ParticleEffect",
            "particles": 1,
            "length": 0,
            "lifetime": 35,
            "sizeFrom": 24,
            "region": "exogenesis-plasma",
            "colorFrom": "BF92F9FF",
            "colorTo": "BF92F9FF"
            },
            "height": 38,
            "lifetime": 287,
            "homingRange": 246,
            "homingDelay": 24,
            "homingPower": 0.00978,
            "backColor": "BF92F9FF",
            "frontColor": "BF92F9FF",
    "hitEffect": {
    "type": "WaveEffect",
    "lifetime": 35,
    "rotation": 2.5,
    "sides": 0,
    "sizeFrom": 0,
    "sizeTo": 100,
    "strokeFrom": 4,
    "strokeTo": 0,
    "colorFrom": "BF92F9FF",
    "colorTo": "BF92F9FF"
    },
    "despawnEffect": {
    "type": "WaveEffect",
    "lifetime": 35,
    "rotation": 2.5,
    "sides": 0,
    "sizeFrom": 0,
    "sizeTo": 100,
    "strokeFrom": 4,
    "strokeTo": 0,
    "colorFrom": "BF92F9FF",
    "colorTo": "BF92F9FF"
    },
    "shootEffect": {
    "type": "WaveEffect",
    "lifetime": 35,
    "rotation": 2.5,
    "sides": 0,
    "sizeFrom": 0,
    "sizeTo": 100,
    "strokeFrom": 4,
    "strokeTo": 0,
    "colorFrom": "BF92F9FF",
    "colorTo": "BF92F9FF"
          },
     	"fragBullets": 7,
     	"fragCone": 360,
		"fragBullet": {
        "type": "ShrapnelBulletType",
        "serrations": 1,
        "splashDamageRadius": 8,
        "length": 82,
        "width": 10,
        "fromColor": "BF92F9FF",
        "toColor": "BF92F9FF",
        "damage": 370
		}
    }
  }
     ],
    "abilities": [
        {
    "type": "StatusFieldAbility",
    "activeEffect": {
      "type": "ParticleEffect",
      "lifetime": 25,
      "length": 0,
      "sizeFrom": 30,
      "sizeTo": 0,
      "particles": 1,
      "colorFrom": "BF92F9FF",
      "colorTo": "BF92F9FF",
      "region": "particle"
    },
     "effect": {
      "name": "quantux-repair",
      "localizedName": "Quantux-repair",
      "damage": 0,
      "effect": "none"
    },
    "range": 185,
    "reload": 1,
    "duration": 5
  }
   ]
}
