{ 
    "type": "Wall",
    "buildCostMultiplier": 0.1,
    "description": "A very resistant wall that can deflect bullets back at the enemy",
    "localizedName": "Gigantic Nexus wall",
    "deflectSound": "sap",
    "chanceDeflect": 30.0,
    "flashHit": true,
    "flashColor": "79F2EEFF",
    "health": 44800,
    "size": 4,
    "requirements": [
        {"item": "omega-blue", "amount": 445},
        {"item": "phase-fabric", "amount": 175}
    ],
    "category": "defense",
    "research": "b-huge-nexus-wall"
}
