{ 
    "type": "Wall",
    "buildCostMultiplier": 0.1,
    "localizedName": "Huge Nexus wall",
    "description": "A very resistant wall that can deflect bullets back at the enemy",
    "deflectSound": "sap",
    "chanceDeflect": 30.0,
    "flashHit": true,
    "flashColor": "79F2EEFF",
    "health": 25200,
    "size": 3,
    "requirements": [
        {"item": "omega-blue", "amount": 358},
        {"item": "phase-fabric", "amount": 98}
    ],
    "category": "defense",
    "research": "b-large-nexus-wall"
}
