{ 
    "type": "Wall",
    "buildCostMultiplier": 0.1,
    "description": "A very resistant wall that can deflect bullets back at the enemy",
    "localizedName": "Large Nexus wall",
    "deflectSound": "sap",
    "chanceDeflect": 30.0,
    "flashHit": true,
    "flashColor": "79F2EEFF",
    "health": 11200,
    "size": 2,
    "requirements": [
        {"item": "omega-blue", "amount": 268},
        {"item": "phase-fabric", "amount": 88}
    ],
    "category": "defense",
    "research": "b-nexus-wall"
}
