{
	"type": "Reconstructor",
	"localizedName": "Hyperius recontructor",
	"size": 9,
	"constructTime": 2000,
	"consumes": {
		"power": 22,
		"items": {
			"items": [
				{"item": "osmium", "amount": 890},
				{"item": "xanium", "amount": 850},
				{"item": "surge-alloy", "amount": 920},
				{"item": "silicon", "amount": 1920},
				{"item": "plastanium", "amount": 1380}
			]
		}
	},
	"requirements": [
		{"item": "jupiteium", "amount": 850},
		{"item": "plastanium", "amount": 680},
	    {"item": "titanium", "amount": 750},
		{"item": "silicon", "amount": 1200},
		{"item": "surge-alloy", "amount": 1280}
	],
	"upgrades": [
		["eon", "era"],
		["planetoide", "moon"],
		["b-oort", "b-sirius"],
		["radiative", "core"],
		["4-helios", "5-prime"],
		["d-enlightenment", "f-apotheosis"]
	],
	"category": "units",
	"research": "mass-reconstructor"
}
