{
	"type": "Reconstructor",
	"localizedName": "Mass Recontructor",
	"size": 7,
	"constructTime": 1500,
	"consumes": {
		"power": 18,
		"items": {
			"items": [
				{"item": "silicon", "amount": 980},
                {"item": "osmium", "amount": 700},
				{"item": "plastanium", "amount": 820},
				{"item": "titanium", "amount": 780}
			]
		}
	},
	"requirements": [
		{"item": "lead", "amount": 850},
		{"item": "plastanium", "amount": 580},
	        {"item": "osmium", "amount": 650},
		{"item": "silicon", "amount": 480},
		{"item": "thorium", "amount": 380}
	],
	"upgrades": [
		["millennia", "eon"],
		["comet", "planetoide"],
		["b-kuiper", "b-oort"],
		["photosphere", "radiative"],
		["3-vega", "4-helios"],
		["c-revelation", "d-enlightenment"]
	],
	"category": "units",
	"research": "multi-reconstructor"
}
