{
	"type": "Reconstructor",
	"localizedName":"Multi Reconstructor",
	"size": 5,
	"constructTime": 800,
	"consumes": {
		"power": 13,
		"items": {
			"items": [
				{"item": "silicon", "amount": 640},
				{"item": "osmium", "amount": 540},
				{"item": "titanium", "amount": 480},
				{"item": "thorium", "amount": 250}
			]
		}
	},
	"requirements": [
		{"item": "osmium", "amount": 350},
		{"item": "silicon", "amount": 180},
		{"item": "metaglass", "amount": 280},
		{"item": "thorium", "amount": 100}
	],
	"upgrades": [
        ["century", "millennia"],
        ["asteroid", "comet"],
		["b-galileo", "b-kuiper"],
		["corona", "photosphere"],
		["2-falx", "3-vega"],
		["b-hypothesis", "c-revelation"]
	],
	"category": "units",
	"research": "multiplicative-reconstructor"
}
