{
	"type": "Reconstructor",
	"localizedName": "Ravthian recontructor",
	"description": "what did it cost?...",
	"size": 11,
	"constructTime": 3000,
	"consumes": {
		"power": 28,
		"items": {
			"items": [
				{"item": "omega-blue", "amount": 1200},
				{"item": "alpha-yellow", "amount":1200},
				{"item": "primal-red", "amount": 1200},
				{"item": "gamma-green", "amount": 1200},
				{"item": "osmium", "amount": 1890},
				{"item": "quantux", "amount": 1520},
				{"item": "phase-fabric", "amount": 2620},
				{"item": "silicon", "amount": 1920},
				{"item": "plastanium", "amount": 2780}
			]
		}
	},
	"requirements": [
		{"item": "phase-fabric", "amount": 1250},
		{"item": "osmium", "amount": 1167},
		{"item": "plastanium", "amount": 1280},
	        {"item": "titanium", "amount": 950},
		{"item": "silicon", "amount": 1200},
		{"item": "surge-alloy", "amount": 1280}
	],
	"upgrades": [
		["era", "epoch"],
		["b-sirius", "b-rigel"],
		["5-prime", "6-apex"],
		["core", "proxima"],
		["f-apotheosis", "g-transcendence"]
	],
	"category": "units",
	"research": "hyperius-reconstructor"
}
